id,file_name,designed_sequence,designed_chain_sequence,num_prot_tokens,num_lig_atoms,num_resolved_tokens,num_tokens,num_design,UNK_fraction,GLY_fraction,ALA_fraction,CYS_fraction,SER_fraction,PRO_fraction,THR_fraction,VAL_fraction,ILE_fraction,ASN_fraction,ASP_fraction,LEU_fraction,MET_fraction,GLN_fraction,GLU_fraction,LYS_fraction,HIS_fraction,PHE_fraction,ARG_fraction,TYR_fraction,TRP_fraction,loop,helix,sheet,liability_score,liability_num_violations,liability_high_severity_violations,liability_medium_severity_violations,liability_low_severity_violations,liability_ProtTryp_count,liability_MetOx_count,liability_MetOx_position,liability_MetOx_length,liability_MetOx_severity,liability_MetOx_details,liability_MetOx_positions,liability_MetOx_num_positions,liability_MetOx_global_details,liability_MetOx_avg_severity,liability_NTCycl_count,liability_NTCycl_position,liability_NTCycl_length,liability_NTCycl_severity,liability_NTCycl_details,liability_NTCycl_positions,liability_NTCycl_num_positions,liability_NTCycl_global_details,liability_NTCycl_avg_severity,liability_AspCleave_count,liability_AspCleave_position,liability_AspCleave_length,liability_AspCleave_severity,liability_AspCleave_details,liability_AspCleave_positions,liability_AspCleave_num_positions,liability_AspCleave_global_details,liability_AspCleave_avg_severity,liability_ProtTryp_position,liability_ProtTryp_length,liability_ProtTryp_severity,liability_ProtTryp_details,liability_ProtTryp_positions,liability_ProtTryp_num_positions,liability_ProtTryp_global_details,liability_ProtTryp_avg_severity,liability_HydroPatch_count,liability_HydroPatch_position,liability_HydroPatch_length,liability_HydroPatch_severity,liability_HydroPatch_details,liability_HydroPatch_positions,liability_HydroPatch_num_positions,liability_HydroPatch_global_details,liability_HydroPatch_avg_severity,liability_TrpOx_count,liability_TrpOx_position,liability_TrpOx_length,liability_TrpOx_severity,liability_TrpOx_details,liability_TrpOx_positions,liability_TrpOx_num_positions,liability_TrpOx_global_details,liability_TrpOx_avg_severity,liability_DPP4_count,liability_DPP4_position,liability_DPP4_length,liability_DPP4_severity,liability_DPP4_details,liability_DPP4_positions,liability_DPP4_num_positions,liability_DPP4_global_details,liability_DPP4_avg_severity,liability_AspBridge_count,liability_AspBridge_position,liability_AspBridge_length,liability_AspBridge_severity,liability_AspBridge_details,liability_AspBridge_positions,liability_AspBridge_num_positions,liability_AspBridge_global_details,liability_AspBridge_avg_severity,liability_violations_summary,native_rmsd,native_rmsd_bb,bindsite_under_3rmsd,bindsite_under_4rmsd,bindsite_under_5rmsd,bindsite_under_6rmsd,bindsite_under_7rmsd,bindsite_under_8rmsd,bindsite_under_9rmsd,native_rmsd_refolded,native_rmsd_bb_refolded,designfolding-bb_rmsd,designfolding-bb_rmsd_design,designfolding-bb_rmsd_target,designfolding-bb_rmsd_design_target,designfolding-bb_target_aligned_rmsd_design,designfolding-bb_rmsd<2.5,designfolding-bb_target_aligned<2.5,designfolding-bb_designability_rmsd_2,designfolding-bb_designability_rmsd_4,designfolding-ligand_iptm,designfolding-interaction_pae,designfolding-min_interaction_pae,designfolding-min_design_to_target_pae,designfolding-iptm,designfolding-ptm,designfolding-protein_iptm,designfolding-design_iptm,designfolding-design_iiptm,designfolding-design_to_target_iptm,designfolding-design_residue_iptm,designfolding-target_ptm,designfolding-design_ptm,designfolding-design_ipsae_min,designfolding-design_to_target_ipsae,designfolding-target_to_design_ipsae,designfolding-complex_plddt,designfolding-complex_iplddt,designfolding-complex_pde,designfolding-complex_ipde,designfolding-min_interaction_pae<1.5,designfolding-min_interaction_pae<2,designfolding-min_interaction_pae<2.5,designfolding-min_interaction_pae<3,designfolding-min_interaction_pae<4,designfolding-min_interaction_pae<5,designfolding-design_ptm>80,designfolding-design_ptm>75,designfolding-design_iptm>80,designfolding-design_iptm>70,designfolding-design_iptm>60,designfolding-design_iptm>50,bb_rmsd,bb_rmsd_design,bb_rmsd_target,bb_rmsd_design_target,bb_target_aligned_rmsd_design,bb_rmsd<2.5,bb_target_aligned<2.5,bb_designability_rmsd_2,bb_designability_rmsd_4,ligand_iptm,interaction_pae,min_interaction_pae,min_design_to_target_pae,iptm,ptm,protein_iptm,design_iptm,design_iiptm,design_to_target_iptm,design_residue_iptm,target_ptm,design_ptm,design_ipsae_min,design_to_target_ipsae,target_to_design_ipsae,complex_plddt,complex_iplddt,complex_pde,complex_ipde,min_interaction_pae<1.5,min_interaction_pae<2,min_interaction_pae<2.5,min_interaction_pae<3,min_interaction_pae<4,min_interaction_pae<5,design_ptm>80,design_ptm>75,design_iptm>80,design_iptm>70,design_iptm>60,design_iptm>50,design_largest_hydrophobic_patch_refolded,design_chain_hydrophobicity,design_hydrophobicity,delta_sasa_refolded,design_sasa_unbound_refolded,design_sasa_bound_refolded,plip_hbonds_refolded,plip_saltbridge_refolded,liability_details
1SVZ_00,1SVZ_00.cif,STRPPL,STRPPL,238,0,238.00000,238.00000,6,0.00000,0.00000,0.00000,0.00000,0.16667,0.33333,0.16667,0.00000,0.00000,0.00000,0.00000,0.16667,0.00000,0.00000,0.00000,0.00000,0.00000,0.00000,0.16667,0.00000,0.00000,1.00000,0.00000,0.00000,10,1,1,0,0,0,0,-1,0,0,,,0,,0.00000,0,-1,0,0,,,0,,0.00000,0,-1,0,0,,,0,,0.00000,3,1,10,,,0,,0.00000,0,-1,0,0,,,0,,0.00000,0,-1,0,0,,,0,,0.00000,0,-1,0,0,,,0,,0.00000,0,-1,0,0,,,0,,0.00000,"ProtTryp(pos3,sev10)",0.00000,0.00000,0.00000,0.00000,0.10000,0.25000,0.45000,0.65000,0.80000,0.00000,0.00000,1.48027,1.48027,,,,True,False,True,True,0.00000,0.00000,100000.25000,100000.25000,0.00000,0.22901,0.00000,0.00000,0.00000,0.00000,0.00000,0.00000,0.22901,0.00000,0.00000,0.00000,0.93894,0.93894,0.30228,0.00000,False,False,False,False,False,False,False,False,False,False,False,False,18.72559,1.74763,18.77795,16.15945,17.01100,False,False,True,True,0.00000,17.62478,6.50280,6.50280,0.60312,0.52206,0.60312,0.60312,0.60312,0.60312,0.60312,0.52035,0.83741,0.01726,0.03504,0.01726,0.83196,0.77944,0.91515,5.65213,False,False,False,False,False,False,True,True,False,False,True,True,382.05743,10.94700,10.94700,339.81836,12181.84570,11842.02734,2,0,
1SVZ_01,1SVZ_01.cif,SVYPPW,SVYPPW,238,0,238.00000,238.00000,6,0.00000,0.00000,0.00000,0.00000,0.16667,0.33333,0.00000,0.16667,0.00000,0.00000,0.00000,0.00000,0.00000,0.00000,0.00000,0.00000,0.00000,0.00000,0.00000,0.16667,0.16667,1.00000,0.00000,0.00000,10,1,1,0,0,0,0,-1,0,0,,,0,,0.00000,0,-1,0,0,,,0,,0.00000,0,-1,0,0,,,0,,0.00000,-1,0,0,,,0,,0.00000,0,-1,0,0,,,0,,0.00000,0,6,1,10,,,0,,0.00000,0,-1,0,0,,,0,,0.00000,0,-1,0,0,,,0,,0.00000,"TrpOx(pos6,sev10)",0.00000,0.00000,0.00000,0.00000,0.10000,0.25000,0.40000,0.60000,0.80000,0.00000,0.00000,1.21401,1.21401,,,,True,False,True,True,0.00000,0.00000,100000.25000,100000.25000,0.00000,0.20319,0.00000,0.00000,0.00000,0.00000,0.00000,0.00000,0.20319,0.00000,0.00000,0.00000,0.89975,0.89975,0.39555,0.00000,False,False,False,False,False,False,False,False,False,False,False,False,18.86304,2.15819,17.85125,41.15475,43.52035,False,False,False,True,0.00000,22.27768,12.08455,12.08455,0.39485,0.49855,0.39485,0.39485,0.39485,0.39485,0.39485,0.50729,0.76327,0.00490,0.00490,0.00633,0.86828,0.82100,0.93049,10.59938,False,False,False,False,False,False,False,True,False,False,False,False,463.85010,20.64770,20.64770,280.55469,11779.03125,11498.47656,1,0,
1SVZ_02,1SVZ_02.cif,SSYPPW,SSYPPW,238,0,238.00000,238.00000,6,0.00000,0.00000,0.00000,0.00000,0.33333,0.33333,0.00000,0.00000,0.00000,0.00000,0.00000,0.00000,0.00000,0.00000,0.00000,0.00000,0.00000,0.00000,0.00000,0.16667,0.16667,1.00000,0.00000,0.00000,10,1,1,0,0,0,0,-1,0,0,,,0,,0.00000,0,-1,0,0,,,0,,0.00000,0,-1,0,0,,,0,,0.00000,-1,0,0,,,0,,0.00000,0,-1,0,0,,,0,,0.00000,0,6,1,10,,,0,,0.00000,0,-1,0,0,,,0,,0.00000,0,-1,0,0,,,0,,0.00000,"TrpOx(pos6,sev10)",0.00000,0.00000,0.00000,0.05000,0.10000,0.20000,0.40000,0.65000,0.80000,0.00000,0.00000,2.39083,2.39083,,,,True,False,False,True,0.00000,0.00000,100000.25000,100000.25000,0.00000,0.20768,0.00000,0.00000,0.00000,0.00000,0.00000,0.00000,0.20768,0.00000,0.00000,0.00000,0.87643,0.87643,0.38653,0.00000,False,False,False,False,False,False,False,False,False,False,False,False,20.08662,2.24862,19.23694,39.48060,42.86601,False,False,False,True,0.00000,21.39958,11.56482,11.56482,0.42805,0.49210,0.42805,0.42805,0.42805,0.42805,0.42805,0.50061,0.79074,0.00491,0.00491,0.00624,0.85988,0.81217,0.93440,10.34421,False,False,False,False,False,False,False,True,False,False,False,False,279.33774,18.51200,18.51200,271.20801,11965.65918,11694.45117,0,0,
1SVZ_03,1SVZ_03.cif,SRPPFD,SRPPFD,238,0,238.00000,238.00000,6,0.00000,0.00000,0.00000,0.00000,0.16667,0.33333,0.00000,0.00000,0.00000,0.00000,0.16667,0.00000,0.00000,0.00000,0.00000,0.00000,0.00000,0.16667,0.16667,0.00000,0.00000,1.00000,0.00000,0.00000,10,1,1,0,0,0,0,-1,0,0,,,0,,0.00000,0,-1,0,0,,,0,,0.00000,0,-1,0,0,,,0,,0.00000,2,1,10,,,0,,0.00000,0,-1,0,0,,,0,,0.00000,0,-1,0,0,,,0,,0.00000,0,-1,0,0,,,0,,0.00000,0,-1,0,0,,,0,,0.00000,"ProtTryp(pos2,sev10)",0.00000,0.00000,0.00000,0.00000,0.05000,0.20000,0.30000,0.35000,0.75000,0.00000,0.00000,1.26107,1.26107,,,,True,False,True,True,0.00000,0.00000,100000.25000,100000.25000,0.00000,0.20762,0.00000,0.00000,0.00000,0.00000,0.00000,0.00000,0.20762,0.00000,0.00000,0.00000,0.84833,0.84833,0.34352,0.00000,False,False,False,False,False,False,False,False,False,False,False,False,19.71781,1.01714,19.63439,21.26684,24.37312,False,False,True,True,0.00000,16.79035,4.34660,4.34660,0.69022,0.52357,0.69022,0.69022,0.69022,0.69022,0.69022,0.52177,0.82644,0.03405,0.08011,0.03405,0.84650,0.80491,0.87875,4.03849,False,False,False,False,False,True,True,True,False,False,True,True,343.33966,11.70350,11.70350,345.74121,12070.20410,11724.46289,0,0,
1SVZ_04,1SVZ_04.cif,GTYPPL,GTYPPL,238,0,238.00000,238.00000,6,0.00000,0.16667,0.00000,0.00000,0.00000,0.33333,0.16667,0.00000,0.00000,0.00000,0.00000,0.16667,0.00000,0.00000,0.00000,0.00000,0.00000,0.00000,0.00000,0.16667,0.00000,1.00000,0.00000,0.00000,0,0,0,0,0,0,0,-1,0,0,,,0,,0.00000,0,-1,0,0,,,0,,0.00000,0,-1,0,0,,,0,,0.00000,-1,0,0,,,0,,0.00000,0,-1,0,0,,,0,,0.00000,0,-1,0,0,,,0,,0.00000,0,-1,0,0,,,0,,0.00000,0,-1,0,0,,,0,,0.00000,,0.00000,0.00000,0.00000,0.00000,0.10000,0.25000,0.45000,0.65000,0.80000,0.00000,0.00000,1.87929,1.87929,,,,True,False,True,True,0.00000,0.00000,100000.25000,100000.25000,0.00000,0.18688,0.00000,0.00000,0.00000,0.00000,0.00000,0.00000,0.18688,0.00000,0.00000,0.00000,0.97102,0.97102,0.33589,0.00000,False,False,False,False,False,False,False,False,False,False,False,False,18.15183,1.78520,18.23028,14.43212,15.18996,False,False,True,True,0.00000,19.16886,8.75956,8.75956,0.52288,0.51572,0.52288,0.52288,0.52288,0.52288,0.52288,0.51569,0.82325,0.00908,0.00908,0.01056,0.85992,0.80571,0.94612,7.41564,False,False,False,False,False,False,True,True,False,False,False,True,350.63840,15.97550,15.97550,310.07715,12136.87012,11826.79297,0,0,
1SVZ_05,1SVZ_05.cif,GQWPPW,GQWPPW,238,0,238.00000,238.00000,6,0.00000,0.16667,0.00000,0.00000,0.00000,0.33333,0.00000,0.00000,0.00000,0.00000,0.00000,0.00000,0.00000,0.16667,0.00000,0.00000,0.00000,0.00000,0.00000,0.00000,0.33333,1.00000,0.00000,0.00000,20,2,2,0,0,0,0,-1,0,0,,,0,,0.00000,0,-1,0,0,,,0,,0.00000,0,-1,0,0,,,0,,0.00000,-1,0,0,,,0,,0.00000,0,-1,0,0,,,0,,0.00000,0,-1,0,0,,3-6,2,,10.00000,0,-1,0,0,,,0,,0.00000,0,-1,0,0,,,0,,0.00000,"TrpOxx2(pos3-6,sev10)",0.00000,0.00000,0.00000,0.00000,0.10000,0.15000,0.35000,0.65000,0.85000,0.00000,0.00000,2.22146,2.22146,,,,True,False,False,True,0.00000,0.00000,100000.25000,100000.25000,0.00000,0.20407,0.00000,0.00000,0.00000,0.00000,0.00000,0.00000,0.20407,0.00000,0.00000,0.00000,0.94278,0.94278,0.33256,0.00000,False,False,False,False,False,False,False,False,False,False,False,False,19.66596,2.48887,19.60209,20.85554,23.28632,False,False,False,True,0.00000,22.23775,12.96996,12.96996,0.38785,0.49969,0.38785,0.38785,0.38785,0.38785,0.38785,0.50287,0.73760,0.00000,0.00000,0.00551,0.88441,0.83617,1.03904,12.95524,False,False,False,False,False,False,False,False,False,False,False,False,493.01239,22.72680,22.72680,330.70703,12071.28125,11740.57422,3,0,
1SVZ_06,1SVZ_06.cif,KKPPTF,KKPPTF,238,0,238.00000,238.00000,6,0.00000,0.00000,0.00000,0.00000,0.00000,0.33333,0.16667,0.00000,0.00000,0.00000,0.00000,0.00000,0.00000,0.00000,0.00000,0.33333,0.00000,0.16667,0.00000,0.00000,0.00000,1.00000,0.00000,0.00000,20,2,2,0,0,0,0,-1,0,0,,,0,,0.00000,0,-1,0,0,,,0,,0.00000,0,-1,0,0,,,0,,0.00000,-1,0,0,,1-2,2,,10.00000,0,-1,0,0,,,0,,0.00000,0,-1,0,0,,,0,,0.00000,0,-1,0,0,,,0,,0.00000,0,-1,0,0,,,0,,0.00000,"ProtTrypx2(pos1-2,sev10)",0.00000,0.00000,0.00000,0.00000,0.05000,0.25000,0.35000,0.55000,0.95000,0.00000,0.00000,1.84067,1.84067,,,,True,False,True,True,0.00000,0.00000,100000.25000,100000.25000,0.00000,0.23192,0.00000,0.00000,0.00000,0.00000,0.00000,0.00000,0.23192,0.00000,0.00000,0.00000,0.87259,0.87259,0.29650,0.00000,False,False,False,False,False,False,False,False,False,False,False,False,19.13682,2.16318,19.21780,15.27579,16.12671,False,False,False,True,0.00000,18.06986,7.31530,7.31530,0.55886,0.51365,0.55886,0.55886,0.55886,0.55886,0.55886,0.51332,0.82392,0.01448,0.03177,0.01448,0.82603,0.75997,0.96501,6.60111,False,False,False,False,False,False,True,True,False,False,False,True,384.66827,10.50200,10.50200,350.33008,12110.15430,11759.82422,0,2,
1SVZ_07,1SVZ_07.cif,STYPPW,STYPPW,238,0,238.00000,238.00000,6,0.00000,0.00000,0.00000,0.00000,0.16667,0.33333,0.16667,0.00000,0.00000,0.00000,0.00000,0.00000,0.00000,0.00000,0.00000,0.00000,0.00000,0.00000,0.00000,0.16667,0.16667,1.00000,0.00000,0.00000,10,1,1,0,0,0,0,-1,0,0,,,0,,0.00000,0,-1,0,0,,,0,,0.00000,0,-1,0,0,,,0,,0.00000,-1,0,0,,,0,,0.00000,0,-1,0,0,,,0,,0.00000,0,6,1,10,,,0,,0.00000,0,-1,0,0,,,0,,0.00000,0,-1,0,0,,,0,,0.00000,"TrpOx(pos6,sev10)",0.00000,0.00000,0.00000,0.00000,0.10000,0.25000,0.35000,0.65000,0.80000,0.00000,0.00000,2.48770,2.48770,,,,True,False,False,True,0.00000,0.00000,100000.25000,100000.25000,0.00000,0.22674,0.00000,0.00000,0.00000,0.00000,0.00000,0.00000,0.22674,0.00000,0.00000,0.00000,0.86133,0.86133,0.35241,0.00000,False,False,False,False,False,False,False,False,False,False,False,False,19.52913,1.92890,18.56396,41.42031,43.52076,False,False,True,True,0.00000,21.95266,12.59311,12.59311,0.40285,0.49916,0.40285,0.40285,0.40285,0.40285,0.40285,0.50793,0.78544,0.00455,0.00455,0.00572,0.84241,0.80964,0.92828,10.57860,False,False,False,False,False,False,False,True,False,False,False,False,396.08029,19.13500,19.13500,273.51172,12042.94336,11769.43164,2,0,
1SVZ_08,1SVZ_08.cif,SVYPPW,SVYPPW,238,0,238.00000,238.00000,6,0.00000,0.00000,0.00000,0.00000,0.16667,0.33333,0.00000,0.16667,0.00000,0.00000,0.00000,0.00000,0.00000,0.00000,0.00000,0.00000,0.00000,0.00000,0.00000,0.16667,0.16667,1.00000,0.00000,0.00000,10,1,1,0,0,0,0,-1,0,0,,,0,,0.00000,0,-1,0,0,,,0,,0.00000,0,-1,0,0,,,0,,0.00000,-1,0,0,,,0,,0.00000,0,-1,0,0,,,0,,0.00000,0,6,1,10,,,0,,0.00000,0,-1,0,0,,,0,,0.00000,0,-1,0,0,,,0,,0.00000,"TrpOx(pos6,sev10)",0.00000,0.00000,0.00000,0.05000,0.10000,0.25000,0.50000,0.60000,0.75000,0.00000,0.00000,1.60969,1.60969,,,,True,False,True,True,0.00000,0.00000,100000.25000,100000.25000,0.00000,0.20020,0.00000,0.00000,0.00000,0.00000,0.00000,0.00000,0.20020,0.00000,0.00000,0.00000,0.91967,0.91967,0.37926,0.00000,False,False,False,False,False,False,False,False,False,False,False,False,18.66969,2.26145,17.66888,40.65614,43.13298,False,False,False,True,0.00000,22.04344,12.11419,12.11419,0.40645,0.49356,0.40645,0.40645,0.40645,0.40645,0.40645,0.50245,0.79083,0.00481,0.00481,0.00596,0.87839,0.82412,0.94136,10.47426,False,False,False,False,False,False,False,True,False,False,False,False,508.14441,20.64770,20.64770,257.22754,11930.53027,11673.30273,0,0,
1SVZ_09,1SVZ_09.cif,SSVPPW,SSVPPW,238,0,238.00000,238.00000,6,0.00000,0.00000,0.00000,0.00000,0.33333,0.33333,0.00000,0.16667,0.00000,0.00000,0.00000,0.00000,0.00000,0.00000,0.00000,0.00000,0.00000,0.00000,0.00000,0.00000,0.16667,1.00000,0.00000,0.00000,10,1,1,0,0,0,0,-1,0,0,,,0,,0.00000,0,-1,0,0,,,0,,0.00000,0,-1,0,0,,,0,,0.00000,-1,0,0,,,0,,0.00000,0,-1,0,0,,,0,,0.00000,0,6,1,10,,,0,,0.00000,0,-1,0,0,,,0,,0.00000,0,-1,0,0,,,0,,0.00000,"TrpOx(pos6,sev10)",0.00000,0.00000,0.00000,0.05000,0.10000,0.25000,0.35000,0.65000,0.80000,0.00000,0.00000,1.79864,1.79864,,,,True,False,True,True,0.00000,0.00000,100000.25000,100000.25000,0.00000,0.20395,0.00000,0.00000,0.00000,0.00000,0.00000,0.00000,0.20395,0.00000,0.00000,0.00000,0.75575,0.75575,0.38929,0.00000,False,False,False,False,False,False,False,False,False,False,False,False,18.47503,1.94875,18.43348,19.20193,20.89654,False,False,True,True,0.00000,17.16609,4.99151,4.99151,0.66941,0.53091,0.66941,0.66941,0.66941,0.66941,0.66941,0.52846,0.82852,0.02809,0.04518,0.02809,0.88957,0.86367,0.92971,5.30018,False,False,False,False,False,True,True,True,False,False,True,True,513.31799,18.64550,18.64550,268.78613,11913.65332,11644.86719,5,0,
1SVZ_10,1SVZ_10.cif,SVGPPF,SVGPPF,238,0,238.00000,238.00000,6,0.00000,0.16667,0.00000,0.00000,0.16667,0.33333,0.00000,0.16667,0.00000,0.00000,0.00000,0.00000,0.00000,0.00000,0.00000,0.00000,0.00000,0.16667,0.00000,0.00000,0.00000,1.00000,0.00000,0.00000,0,0,0,0,0,0,0,-1,0,0,,,0,,0.00000,0,-1,0,0,,,0,,0.00000,0,-1,0,0,,,0,,0.00000,-1,0,0,,,0,,0.00000,0,-1,0,0,,,0,,0.00000,0,-1,0,0,,,0,,0.00000,0,-1,0,0,,,0,,0.00000,0,-1,0,0,,,0,,0.00000,,0.00000,0.00000,0.00000,0.00000,0.10000,0.15000,0.35000,0.65000,0.85000,0.00000,0.00000,2.04848,2.04848,,,,True,False,False,True,0.00000,0.00000,100000.25000,100000.25000,0.00000,0.19659,0.00000,0.00000,0.00000,0.00000,0.00000,0.00000,0.19659,0.00000,0.00000,0.00000,0.72076,0.72076,0.35171,0.00000,False,False,False,False,False,False,False,False,False,False,False,False,18.29840,1.37977,18.32362,16.81477,17.79760,False,False,True,True,0.00000,18.60290,6.63686,6.63686,0.58791,0.51288,0.58791,0.58791,0.58791,0.58791,0.58791,0.51153,0.79184,0.00825,0.00825,0.01693,0.87441,0.82667,0.97546,6.68475,False,False,False,False,False,False,False,True,False,False,False,True,369.70425,15.79750,15.79750,308.34863,12107.21582,11798.86719,2,0,
1SVZ_11,1SVZ_11.cif,GQYPPI,GQYPPI,238,0,238.00000,238.00000,6,0.00000,0.16667,0.00000,0.00000,0.00000,0.33333,0.00000,0.00000,0.16667,0.00000,0.00000,0.00000,0.00000,0.16667,0.00000,0.00000,0.00000,0.00000,0.00000,0.16667,0.00000,1.00000,0.00000,0.00000,0,0,0,0,0,0,0,-1,0,0,,,0,,0.00000,0,-1,0,0,,,0,,0.00000,0,-1,0,0,,,0,,0.00000,-1,0,0,,,0,,0.00000,0,-1,0,0,,,0,,0.00000,0,-1,0,0,,,0,,0.00000,0,-1,0,0,,,0,,0.00000,0,-1,0,0,,,0,,0.00000,,0.00000,0.00000,0.00000,0.00000,0.10000,0.20000,0.35000,0.70000,0.85000,0.00000,0.00000,1.85449,1.85449,,,,True,False,True,True,0.00000,0.00000,100000.25000,100000.25000,0.00000,0.18287,0.00000,0.00000,0.00000,0.00000,0.00000,0.00000,0.18287,0.00000,0.00000,0.00000,0.92211,0.92211,0.34457,0.00000,False,False,False,False,False,False,False,False,False,False,False,False,17.76990,1.72889,17.53374,23.85533,26.77788,False,False,True,True,0.00000,18.63088,3.80512,3.80512,0.64669,0.49984,0.64669,0.64669,0.64669,0.64669,0.64669,0.49726,0.76525,0.02921,0.04518,0.02921,0.84135,0.79643,0.92756,4.63322,False,False,False,False,True,True,False,True,False,False,True,True,296.14505,14.10650,14.10650,270.30273,11940.78125,11670.47852,3,0,
1SVZ_12,1SVZ_12.cif,GYYVPE,GYYVPE,238,0,238.00000,238.00000,6,0.00000,0.16667,0.00000,0.00000,0.00000,0.16667,0.00000,0.16667,0.00000,0.00000,0.00000,0.00000,0.00000,0.00000,0.16667,0.00000,0.00000,0.00000,0.00000,0.33333,0.00000,1.00000,0.00000,0.00000,5,1,0,1,0,0,0,-1,0,0,,,0,,0.00000,0,-1,0,0,,,0,,0.00000,0,-1,0,0,,,0,,0.00000,-1,0,0,,,0,,0.00000,0,2,3,5,,,0,,0.00000,0,-1,0,0,,,0,,0.00000,0,-1,0,0,,,0,,0.00000,0,-1,0,0,,,0,,0.00000,"HydroPatch(pos2,sev5)",0.00000,0.00000,0.00000,0.00000,0.10000,0.20000,0.35000,0.55000,0.85000,0.00000,0.00000,1.03677,1.03677,,,,True,False,True,True,0.00000,0.00000,100000.25000,100000.25000,0.00000,0.22225,0.00000,0.00000,0.00000,0.00000,0.00000,0.00000,0.22225,0.00000,0.00000,0.00000,0.93607,0.93607,0.29092,0.00000,False,False,False,False,False,False,False,False,False,False,False,False,18.55355,1.38950,18.50209,19.97680,20.93655,False,False,True,True,0.00000,22.12585,13.02288,13.02288,0.37460,0.51434,0.37460,0.37460,0.37460,0.37460,0.37460,0.51795,0.81217,0.00493,0.00493,0.00556,0.83670,0.77678,0.97814,11.25421,False,False,False,False,False,False,True,True,False,False,False,False,158.85300,15.66400,15.66400,393.03418,12045.75586,11652.72168,3,0,
1SVZ_13,1SVZ_13.cif,SSYPIW,SSYPIW,238,0,238.00000,238.00000,6,0.00000,0.00000,0.00000,0.00000,0.33333,0.16667,0.00000,0.00000,0.16667,0.00000,0.00000,0.00000,0.00000,0.00000,0.00000,0.00000,0.00000,0.00000,0.00000,0.16667,0.16667,1.00000,0.00000,0.00000,10,1,1,0,0,0,0,-1,0,0,,,0,,0.00000,0,-1,0,0,,,0,,0.00000,0,-1,0,0,,,0,,0.00000,-1,0,0,,,0,,0.00000,0,-1,0,0,,,0,,0.00000,0,6,1,10,,,0,,0.00000,0,-1,0,0,,,0,,0.00000,0,-1,0,0,,,0,,0.00000,"TrpOx(pos6,sev10)",0.00000,0.00000,0.00000,0.05000,0.10000,0.20000,0.40000,0.60000,0.80000,0.00000,0.00000,1.81179,1.81179,,,,True,False,True,True,0.00000,0.00000,100000.25000,100000.25000,0.00000,0.19743,0.00000,0.00000,0.00000,0.00000,0.00000,0.00000,0.19743,0.00000,0.00000,0.00000,0.91393,0.91393,0.35322,0.00000,False,False,False,False,False,False,False,False,False,False,False,False,18.79935,2.32637,18.77593,18.74734,20.71662,False,False,False,True,0.00000,19.06223,8.58577,8.58577,0.54989,0.51759,0.54989,0.54989,0.54989,0.54989,0.54989,0.51680,0.83663,0.01081,0.01217,0.01081,0.84997,0.77772,0.92108,7.59578,False,False,False,False,False,False,True,True,False,False,False,True,364.89084,22.79170,22.79170,348.77051,12048.00781,11699.23730,0,0,
1SVZ_14,1SVZ_14.cif,SSYPPW,SSYPPW,238,0,238.00000,238.00000,6,0.00000,0.00000,0.00000,0.00000,0.33333,0.33333,0.00000,0.00000,0.00000,0.00000,0.00000,0.00000,0.00000,0.00000,0.00000,0.00000,0.00000,0.00000,0.00000,0.16667,0.16667,1.00000,0.00000,0.00000,10,1,1,0,0,0,0,-1,0,0,,,0,,0.00000,0,-1,0,0,,,0,,0.00000,0,-1,0,0,,,0,,0.00000,-1,0,0,,,0,,0.00000,0,-1,0,0,,,0,,0.00000,0,6,1,10,,,0,,0.00000,0,-1,0,0,,,0,,0.00000,0,-1,0,0,,,0,,0.00000,"TrpOx(pos6,sev10)",0.00000,0.00000,0.00000,0.05000,0.10000,0.20000,0.40000,0.50000,0.80000,0.00000,0.00000,3.12773,3.12773,,,,False,False,False,True,0.00000,0.00000,100000.25000,100000.25000,0.00000,0.19613,0.00000,0.00000,0.00000,0.00000,0.00000,0.00000,0.19613,0.00000,0.00000,0.00000,0.90895,0.90895,0.44681,0.00000,False,False,False,False,False,False,False,False,False,False,False,False,18.89309,1.32185,18.91279,17.55702,18.71163,False,False,True,True,0.00000,22.32588,14.15453,14.15453,0.35040,0.50858,0.35040,0.35040,0.35040,0.35040,0.35040,0.51267,0.80120,0.00466,0.00466,0.00497,0.86853,0.83623,0.97825,12.98491,False,False,False,False,False,False,True,True,False,False,False,False,359.58182,18.51200,18.51200,334.61816,12037.62988,11703.01172,0,0,
1SVZ_15,1SVZ_15.cif,SRYRPL,SRYRPL,238,0,238.00000,238.00000,6,0.00000,0.00000,0.00000,0.00000,0.16667,0.16667,0.00000,0.00000,0.00000,0.00000,0.00000,0.16667,0.00000,0.00000,0.00000,0.00000,0.00000,0.00000,0.33333,0.16667,0.00000,1.00000,0.00000,0.00000,20,2,2,0,0,0,0,-1,0,0,,,0,,0.00000,0,-1,0,0,,,0,,0.00000,0,-1,0,0,,,0,,0.00000,-1,0,0,,2-4,2,,10.00000,0,-1,0,0,,,0,,0.00000,0,-1,0,0,,,0,,0.00000,0,-1,0,0,,,0,,0.00000,0,-1,0,0,,,0,,0.00000,"ProtTrypx2(pos2-4,sev10)",0.00000,0.00000,0.00000,0.05000,0.15000,0.25000,0.40000,0.60000,0.80000,0.00000,0.00000,1.68535,1.68535,,,,True,False,True,True,0.00000,0.00000,100000.25000,100000.25000,0.00000,0.22356,0.00000,0.00000,0.00000,0.00000,0.00000,0.00000,0.22356,0.00000,0.00000,0.00000,0.87226,0.87226,0.32042,0.00000,False,False,False,False,False,False,False,False,False,False,False,False,19.34511,1.28977,19.39303,16.75868,18.08537,False,False,True,True,0.00000,17.57160,6.16778,6.16778,0.61853,0.52949,0.61853,0.61853,0.61853,0.61853,0.61853,0.52760,0.82801,0.01985,0.03938,0.01985,0.81073,0.74987,0.90831,5.20081,False,False,False,False,False,False,True,True,False,False,True,True,231.09810,12.86050,12.86050,463.67676,12054.69238,11591.01562,2,2,
1SVZ_16,1SVZ_16.cif,KVGPPW,KVGPPW,238,0,238.00000,238.00000,6,0.00000,0.16667,0.00000,0.00000,0.00000,0.33333,0.00000,0.16667,0.00000,0.00000,0.00000,0.00000,0.00000,0.00000,0.00000,0.16667,0.00000,0.00000,0.00000,0.00000,0.16667,1.00000,0.00000,0.00000,20,2,2,0,0,0,0,-1,0,0,,,0,,0.00000,0,-1,0,0,,,0,,0.00000,0,-1,0,0,,,0,,0.00000,1,1,10,,,0,,0.00000,0,-1,0,0,,,0,,0.00000,0,6,1,10,,,0,,0.00000,0,-1,0,0,,,0,,0.00000,0,-1,0,0,,,0,,0.00000,"ProtTryp(pos1,sev10); TrpOx(pos6,sev10)",0.00000,0.00000,0.00000,0.00000,0.10000,0.20000,0.35000,0.60000,0.80000,0.00000,0.00000,2.23939,2.23939,,,,True,False,False,True,0.00000,0.00000,100000.25000,100000.25000,0.00000,0.18125,0.00000,0.00000,0.00000,0.00000,0.00000,0.00000,0.18125,0.00000,0.00000,0.00000,0.82626,0.82626,0.34422,0.00000,False,False,False,False,False,False,False,False,False,False,False,False,20.46312,1.76761,19.44407,43.47688,45.78524,False,False,True,True,0.00000,23.24250,13.12941,13.12941,0.36598,0.50688,0.36598,0.36598,0.41584,0.36598,0.36598,0.51602,0.74666,0.00000,0.00000,0.00536,0.85819,0.82145,0.96920,11.40412,False,False,False,False,False,False,False,False,False,False,False,False,357.92468,15.57500,15.57500,157.68555,11914.75195,11757.06641,2,0,
1SVZ_17,1SVZ_17.cif,SSYPPW,SSYPPW,238,0,238.00000,238.00000,6,0.00000,0.00000,0.00000,0.00000,0.33333,0.33333,0.00000,0.00000,0.00000,0.00000,0.00000,0.00000,0.00000,0.00000,0.00000,0.00000,0.00000,0.00000,0.00000,0.16667,0.16667,1.00000,0.00000,0.00000,10,1,1,0,0,0,0,-1,0,0,,,0,,0.00000,0,-1,0,0,,,0,,0.00000,0,-1,0,0,,,0,,0.00000,-1,0,0,,,0,,0.00000,0,-1,0,0,,,0,,0.00000,0,6,1,10,,,0,,0.00000,0,-1,0,0,,,0,,0.00000,0,-1,0,0,,,0,,0.00000,"TrpOx(pos6,sev10)",0.00000,0.00000,0.00000,0.05000,0.10000,0.25000,0.40000,0.65000,0.80000,0.00000,0.00000,0.81379,0.81379,,,,True,False,True,True,0.00000,0.00000,100000.25000,100000.25000,0.00000,0.18778,0.00000,0.00000,0.00000,0.00000,0.00000,0.00000,0.18778,0.00000,0.00000,0.00000,0.86719,0.86719,0.39579,0.00000,False,False,False,False,False,False,False,False,False,False,False,False,18.62049,2.07099,18.60785,18.52078,19.72340,False,False,False,True,0.00000,22.94705,15.09765,15.09765,0.32413,0.51061,0.32413,0.32413,0.32413,0.32413,0.32413,0.51543,0.76582,0.00000,0.00000,0.00000,0.86549,0.83248,0.98680,13.58307,False,False,False,False,False,False,False,True,False,False,False,False,384.05579,18.51200,18.51200,306.23340,12046.52637,11740.29297,4,0,
1SVZ_18,1SVZ_18.cif,SQYPPF,SQYPPF,238,0,238.00000,238.00000,6,0.00000,0.00000,0.00000,0.00000,0.16667,0.33333,0.00000,0.00000,0.00000,0.00000,0.00000,0.00000,0.00000,0.16667,0.00000,0.00000,0.00000,0.16667,0.00000,0.16667,0.00000,1.00000,0.00000,0.00000,0,0,0,0,0,0,0,-1,0,0,,,0,,0.00000,0,-1,0,0,,,0,,0.00000,0,-1,0,0,,,0,,0.00000,-1,0,0,,,0,,0.00000,0,-1,0,0,,,0,,0.00000,0,-1,0,0,,,0,,0.00000,0,-1,0,0,,,0,,0.00000,0,-1,0,0,,,0,,0.00000,,0.00000,0.00000,0.00000,0.00000,0.10000,0.20000,0.45000,0.70000,0.85000,0.00000,0.00000,1.36003,1.36003,,,,True,False,True,True,0.00000,0.00000,100000.25000,100000.25000,0.00000,0.17184,0.00000,0.00000,0.00000,0.00000,0.00000,0.00000,0.17184,0.00000,0.00000,0.00000,0.94246,0.94246,0.40872,0.00000,False,False,False,False,False,False,False,False,False,False,False,False,18.95853,1.99958,18.97424,17.71794,19.01766,False,False,True,True,0.00000,17.97769,6.77755,6.77755,0.59971,0.51519,0.59971,0.59971,0.59971,0.59971,0.59971,0.51353,0.80084,0.01638,0.01709,0.01638,0.84625,0.80848,0.93413,6.67157,False,False,False,False,False,False,True,True,False,False,False,True,375.62082,17.22150,17.22150,375.12500,12052.96582,11677.84082,0,0,
1SVZ_19,1SVZ_19.cif,SSSPPF,SSSPPF,238,0,238.00000,238.00000,6,0.00000,0.00000,0.00000,0.00000,0.50000,0.33333,0.00000,0.00000,0.00000,0.00000,0.00000,0.00000,0.00000,0.00000,0.00000,0.00000,0.00000,0.16667,0.00000,0.00000,0.00000,1.00000,0.00000,0.00000,0,0,0,0,0,0,0,-1,0,0,,,0,,0.00000,0,-1,0,0,,,0,,0.00000,0,-1,0,0,,,0,,0.00000,-1,0,0,,,0,,0.00000,0,-1,0,0,,,0,,0.00000,0,-1,0,0,,,0,,0.00000,0,-1,0,0,,,0,,0.00000,0,-1,0,0,,,0,,0.00000,,0.00000,0.00000,0.00000,0.05000,0.10000,0.25000,0.40000,0.65000,0.80000,0.00000,0.00000,1.37160,1.37160,,,,True,False,True,True,0.00000,0.00000,100000.25000,100000.25000,0.00000,0.19042,0.00000,0.00000,0.00000,0.00000,0.00000,0.00000,0.19042,0.00000,0.00000,0.00000,0.74981,0.74981,0.40968,0.00000,False,False,False,False,False,False,False,False,False,False,False,False,19.37916,1.61872,19.35106,19.57852,21.38846,False,False,True,True,0.00000,18.07337,6.22948,6.22948,0.60684,0.52068,0.60684,0.60684,0.60684,0.60684,0.60684,0.51845,0.80094,0.01891,0.01891,0.01987,0.84709,0.83401,0.96067,5.64831,False,False,False,False,False,False,True,True,False,False,True,True,418.79507,12.86050,12.86050,295.02148,11961.72461,11666.70312,2,0,
1SVZ_20,1SVZ_20.cif,SRRPPF,SRRPPF,238,0,238.00000,238.00000,6,0.00000,0.00000,0.00000,0.00000,0.16667,0.33333,0.00000,0.00000,0.00000,0.00000,0.00000,0.00000,0.00000,0.00000,0.00000,0.00000,0.00000,0.16667,0.33333,0.00000,0.00000,1.00000,0.00000,0.00000,20,2,2,0,0,0,0,-1,0,0,,,0,,0.00000,0,-1,0,0,,,0,,0.00000,0,-1,0,0,,,0,,0.00000,-1,0,0,,2-3,2,,10.00000,0,-1,0,0,,,0,,0.00000,0,-1,0,0,,,0,,0.00000,0,-1,0,0,,,0,,0.00000,0,-1,0,0,,,0,,0.00000,"ProtTrypx2(pos2-3,sev10)",0.00000,0.00000,0.00000,0.00000,0.10000,0.25000,0.40000,0.65000,0.80000,0.00000,0.00000,1.41400,1.41400,,,,True,False,True,True,0.00000,0.00000,100000.25000,100000.25000,0.00000,0.19802,0.00000,0.00000,0.00000,0.00000,0.00000,0.00000,0.19802,0.00000,0.00000,0.00000,0.91125,0.91125,0.36482,0.00000,False,False,False,False,False,False,False,False,False,False,False,False,19.28808,1.39913,19.33992,16.55839,17.82632,False,False,True,True,0.00000,16.01822,4.19071,4.19071,0.71969,0.52794,0.71969,0.71969,0.71969,0.71969,0.71969,0.52568,0.84388,0.04139,0.08474,0.04139,0.82656,0.77919,0.88251,3.49450,False,False,False,False,False,True,True,True,False,True,True,True,364.05399,10.85800,10.85800,420.52344,11983.75781,11563.23438,1,1,
1SVZ_21,1SVZ_21.cif,SRYPPL,SRYPPL,238,0,238.00000,238.00000,6,0.00000,0.00000,0.00000,0.00000,0.16667,0.33333,0.00000,0.00000,0.00000,0.00000,0.00000,0.16667,0.00000,0.00000,0.00000,0.00000,0.00000,0.00000,0.16667,0.16667,0.00000,1.00000,0.00000,0.00000,10,1,1,0,0,0,0,-1,0,0,,,0,,0.00000,0,-1,0,0,,,0,,0.00000,0,-1,0,0,,,0,,0.00000,2,1,10,,,0,,0.00000,0,-1,0,0,,,0,,0.00000,0,-1,0,0,,,0,,0.00000,0,-1,0,0,,,0,,0.00000,0,-1,0,0,,,0,,0.00000,"ProtTryp(pos2,sev10)",0.00000,0.00000,0.00000,0.00000,0.10000,0.25000,0.45000,0.60000,0.75000,0.00000,0.00000,1.87287,1.87287,,,,True,False,True,True,0.00000,0.00000,100000.25000,100000.25000,0.00000,0.19671,0.00000,0.00000,0.00000,0.00000,0.00000,0.00000,0.19671,0.00000,0.00000,0.00000,0.89230,0.89230,0.37699,0.00000,False,False,False,False,False,False,False,False,False,False,False,False,19.47732,2.29052,19.46140,19.19365,21.09600,False,False,False,True,0.00000,17.95194,5.97478,5.97478,0.60324,0.52540,0.60324,0.60324,0.60324,0.60324,0.60324,0.52384,0.84162,0.01926,0.02817,0.01926,0.83861,0.78982,0.88683,4.96145,False,False,False,False,False,False,True,True,False,False,True,True,343.44821,14.95200,14.95200,360.78516,11979.24805,11618.46289,2,1,
1SVZ_22,1SVZ_22.cif,GQSTPW,GQSTPW,238,0,238.00000,238.00000,6,0.00000,0.16667,0.00000,0.00000,0.16667,0.16667,0.16667,0.00000,0.00000,0.00000,0.00000,0.00000,0.00000,0.16667,0.00000,0.00000,0.00000,0.00000,0.00000,0.00000,0.16667,1.00000,0.00000,0.00000,10,1,1,0,0,0,0,-1,0,0,,,0,,0.00000,0,-1,0,0,,,0,,0.00000,0,-1,0,0,,,0,,0.00000,-1,0,0,,,0,,0.00000,0,-1,0,0,,,0,,0.00000,0,6,1,10,,,0,,0.00000,0,-1,0,0,,,0,,0.00000,0,-1,0,0,,,0,,0.00000,"TrpOx(pos6,sev10)",0.00000,0.00000,0.00000,0.00000,0.10000,0.20000,0.40000,0.60000,0.75000,0.00000,0.00000,1.90878,1.90878,,,,True,False,True,True,0.00000,0.00000,100000.25000,100000.25000,0.00000,0.19632,0.00000,0.00000,0.00000,0.00000,0.00000,0.00000,0.19632,0.00000,0.00000,0.00000,0.87504,0.87504,0.39853,0.00000,False,False,False,False,False,False,False,False,False,False,False,False,19.50810,1.87196,18.45407,42.71963,45.11403,False,False,True,True,0.00000,22.10002,11.40236,11.40236,0.41521,0.48800,0.41521,0.41521,0.47524,0.41521,0.41521,0.49635,0.75994,0.00526,0.00526,0.00614,0.88373,0.86753,0.97876,9.95014,False,False,False,False,False,False,False,True,False,False,False,False,277.87579,13.21650,13.21650,161.92578,11996.44922,11834.52344,0,0,
1SVZ_23,1SVZ_23.cif,STYPIW,STYPIW,238,0,238.00000,238.00000,6,0.00000,0.00000,0.00000,0.00000,0.16667,0.16667,0.16667,0.00000,0.16667,0.00000,0.00000,0.00000,0.00000,0.00000,0.00000,0.00000,0.00000,0.00000,0.00000,0.16667,0.16667,1.00000,0.00000,0.00000,10,1,1,0,0,0,0,-1,0,0,,,0,,0.00000,0,-1,0,0,,,0,,0.00000,0,-1,0,0,,,0,,0.00000,-1,0,0,,,0,,0.00000,0,-1,0,0,,,0,,0.00000,0,6,1,10,,,0,,0.00000,0,-1,0,0,,,0,,0.00000,0,-1,0,0,,,0,,0.00000,"TrpOx(pos6,sev10)",0.00000,0.00000,0.00000,0.00000,0.10000,0.25000,0.40000,0.65000,0.80000,0.00000,0.00000,1.61717,1.61717,,,,True,False,True,True,0.00000,0.00000,100000.25000,100000.25000,0.00000,0.21414,0.00000,0.00000,0.00000,0.00000,0.00000,0.00000,0.21414,0.00000,0.00000,0.00000,0.86020,0.86020,0.33829,0.00000,False,False,False,False,False,False,False,False,False,False,False,False,18.81467,1.79797,18.89160,15.14135,15.98172,False,False,True,True,0.00000,21.22308,12.05270,12.05270,0.41690,0.51802,0.41690,0.41690,0.41690,0.41690,0.41690,0.52063,0.79786,0.00551,0.00555,0.00551,0.86860,0.81368,0.96452,11.29845,False,False,False,False,False,False,False,True,False,False,False,False,409.10083,23.24650,23.24650,343.94531,11985.33398,11641.38867,2,0,
1SVZ_24,1SVZ_24.cif,GAGTPW,GAGTPW,238,0,238.00000,238.00000,6,0.00000,0.33333,0.16667,0.00000,0.00000,0.16667,0.16667,0.00000,0.00000,0.00000,0.00000,0.00000,0.00000,0.00000,0.00000,0.00000,0.00000,0.00000,0.00000,0.00000,0.16667,1.00000,0.00000,0.00000,10,1,1,0,0,0,0,-1,0,0,,,0,,0.00000,0,-1,0,0,,,0,,0.00000,0,-1,0,0,,,0,,0.00000,-1,0,0,,,0,,0.00000,0,-1,0,0,,,0,,0.00000,0,6,1,10,,,0,,0.00000,0,-1,0,0,,,0,,0.00000,0,-1,0,0,,,0,,0.00000,"TrpOx(pos6,sev10)",0.00000,0.00000,0.00000,0.00000,0.10000,0.25000,0.40000,0.50000,0.80000,0.00000,0.00000,1.88267,1.88267,,,,True,False,True,True,0.00000,0.00000,100000.25000,100000.25000,0.00000,0.18215,0.00000,0.00000,0.00000,0.00000,0.00000,0.00000,0.18215,0.00000,0.00000,0.00000,0.87792,0.87792,0.46699,0.00000,False,False,False,False,False,False,False,False,False,False,False,False,19.92255,1.37713,18.75032,45.17765,47.56764,False,False,True,True,0.00000,22.13125,10.04104,10.04104,0.43292,0.50321,0.43292,0.43292,0.49695,0.43292,0.43292,0.50767,0.72337,0.00583,0.00583,0.00760,0.86930,0.85494,0.92804,9.10929,False,False,False,False,False,False,False,False,False,False,False,False,289.79443,13.66150,13.66150,177.64062,12186.92578,12009.28516,0,0,
1SVZ_25,1SVZ_25.cif,STYPSW,STYPSW,238,0,238.00000,238.00000,6,0.00000,0.00000,0.00000,0.00000,0.33333,0.16667,0.16667,0.00000,0.00000,0.00000,0.00000,0.00000,0.00000,0.00000,0.00000,0.00000,0.00000,0.00000,0.00000,0.16667,0.16667,1.00000,0.00000,0.00000,10,1,1,0,0,0,0,-1,0,0,,,0,,0.00000,0,-1,0,0,,,0,,0.00000,0,-1,0,0,,,0,,0.00000,-1,0,0,,,0,,0.00000,0,-1,0,0,,,0,,0.00000,0,6,1,10,,,0,,0.00000,0,-1,0,0,,,0,,0.00000,0,-1,0,0,,,0,,0.00000,"TrpOx(pos6,sev10)",0.00000,0.00000,0.00000,0.00000,0.10000,0.25000,0.45000,0.70000,0.80000,0.00000,0.00000,3.11893,3.11893,,,,False,False,False,True,0.00000,0.00000,100000.25000,100000.25000,0.00000,0.19002,0.00000,0.00000,0.00000,0.00000,0.00000,0.00000,0.19002,0.00000,0.00000,0.00000,0.87865,0.87865,0.34824,0.00000,False,False,False,False,False,False,False,False,False,False,False,False,17.51833,2.97784,17.40368,20.32244,22.74446,False,False,False,True,0.00000,19.09193,9.09397,9.09397,0.53223,0.51158,0.53223,0.53223,0.53223,0.53223,0.53223,0.51136,0.84170,0.00659,0.00659,0.00925,0.84691,0.78445,0.94959,8.48264,False,False,False,False,False,False,True,True,False,False,False,True,229.21729,17.26600,17.26600,353.01758,12074.29297,11721.27539,3,0,
1SVZ_26,1SVZ_26.cif,STYPPW,STYPPW,238,0,238.00000,238.00000,6,0.00000,0.00000,0.00000,0.00000,0.16667,0.33333,0.16667,0.00000,0.00000,0.00000,0.00000,0.00000,0.00000,0.00000,0.00000,0.00000,0.00000,0.00000,0.00000,0.16667,0.16667,1.00000,0.00000,0.00000,10,1,1,0,0,0,0,-1,0,0,,,0,,0.00000,0,-1,0,0,,,0,,0.00000,0,-1,0,0,,,0,,0.00000,-1,0,0,,,0,,0.00000,0,-1,0,0,,,0,,0.00000,0,6,1,10,,,0,,0.00000,0,-1,0,0,,,0,,0.00000,0,-1,0,0,,,0,,0.00000,"TrpOx(pos6,sev10)",0.00000,0.00000,0.00000,0.00000,0.10000,0.25000,0.40000,0.60000,0.80000,0.00000,0.00000,2.52773,2.52773,,,,False,False,False,True,0.00000,0.00000,100000.25000,100000.25000,0.00000,0.21559,0.00000,0.00000,0.00000,0.00000,0.00000,0.00000,0.21559,0.00000,0.00000,0.00000,0.87024,0.87024,0.34029,0.00000,False,False,False,False,False,False,False,False,False,False,False,False,19.49095,2.26491,18.61578,39.84300,41.89061,False,False,False,True,0.00000,21.79193,11.79618,11.79618,0.41074,0.49801,0.41074,0.41074,0.41074,0.41074,0.41074,0.50671,0.79007,0.00491,0.00491,0.00597,0.84318,0.80421,0.91545,10.44034,False,False,False,False,False,False,False,True,False,False,False,False,418.21387,19.13500,19.13500,312.22559,12086.96484,11774.73926,2,0,
1SVZ_27,1SVZ_27.cif,GNSTPW,GNSTPW,238,0,238.00000,238.00000,6,0.00000,0.16667,0.00000,0.00000,0.16667,0.16667,0.16667,0.00000,0.00000,0.16667,0.00000,0.00000,0.00000,0.00000,0.00000,0.00000,0.00000,0.00000,0.00000,0.00000,0.16667,1.00000,0.00000,0.00000,20,2,2,0,0,0,0,-1,0,0,,,0,,0.00000,0,-1,0,0,,,0,,0.00000,0,-1,0,0,,,0,,0.00000,-1,0,0,,,0,,0.00000,0,-1,0,0,,,0,,0.00000,0,6,1,10,,,0,,0.00000,0,-1,0,0,,,0,,0.00000,0,2,2,10,,,0,,0.00000,"AspBridge(pos2,sev10); TrpOx(pos6,sev10)",0.00000,0.00000,0.00000,0.05000,0.10000,0.25000,0.35000,0.55000,0.80000,0.00000,0.00000,2.02727,2.02727,,,,True,False,False,True,0.00000,0.00000,100000.25000,100000.25000,0.00000,0.20164,0.00000,0.00000,0.00000,0.00000,0.00000,0.00000,0.20164,0.00000,0.00000,0.00000,0.80355,0.80355,0.34890,0.00000,False,False,False,False,False,False,False,False,False,False,False,False,18.57352,1.81337,18.55381,18.62227,20.06591,False,False,True,True,0.00000,23.68902,14.69435,14.69435,0.30806,0.48768,0.30806,0.30806,0.30806,0.30806,0.30806,0.49232,0.72567,0.00000,0.00000,0.00461,0.88431,0.81865,1.06121,15.60044,False,False,False,False,False,False,False,False,False,False,False,False,295.69312,13.21650,13.21650,303.34961,12253.62988,11950.28027,7,0,
1SVZ_28,1SVZ_28.cif,GQWPPL,GQWPPL,238,0,238.00000,238.00000,6,0.00000,0.16667,0.00000,0.00000,0.00000,0.33333,0.00000,0.00000,0.00000,0.00000,0.00000,0.16667,0.00000,0.16667,0.00000,0.00000,0.00000,0.00000,0.00000,0.00000,0.16667,1.00000,0.00000,0.00000,10,1,1,0,0,0,0,-1,0,0,,,0,,0.00000,0,-1,0,0,,,0,,0.00000,0,-1,0,0,,,0,,0.00000,-1,0,0,,,0,,0.00000,0,-1,0,0,,,0,,0.00000,0,3,1,10,,,0,,0.00000,0,-1,0,0,,,0,,0.00000,0,-1,0,0,,,0,,0.00000,"TrpOx(pos3,sev10)",0.00000,0.00000,0.00000,0.00000,0.10000,0.20000,0.45000,0.70000,0.85000,0.00000,0.00000,2.70509,2.70509,,,,False,False,False,True,0.00000,0.00000,100000.25000,100000.25000,0.00000,0.19248,0.00000,0.00000,0.00000,0.00000,0.00000,0.00000,0.19248,0.00000,0.00000,0.00000,0.93226,0.93226,0.37068,0.00000,False,False,False,False,False,False,False,False,False,False,False,False,20.51119,2.35116,20.47379,17.66479,27.89864,False,False,False,True,0.00000,18.34348,4.85671,4.85671,0.61464,0.50571,0.61464,0.61464,0.61464,0.61464,0.61464,0.50346,0.77923,0.02187,0.02370,0.02187,0.86123,0.82243,0.92475,5.60512,False,False,False,False,False,True,False,True,False,False,True,True,536.40399,20.81010,20.81010,318.46582,12062.15820,11743.69238,4,0,
1SVZ_29,1SVZ_29.cif,SSYPPW,SSYPPW,238,0,238.00000,238.00000,6,0.00000,0.00000,0.00000,0.00000,0.33333,0.33333,0.00000,0.00000,0.00000,0.00000,0.00000,0.00000,0.00000,0.00000,0.00000,0.00000,0.00000,0.00000,0.00000,0.16667,0.16667,1.00000,0.00000,0.00000,10,1,1,0,0,0,0,-1,0,0,,,0,,0.00000,0,-1,0,0,,,0,,0.00000,0,-1,0,0,,,0,,0.00000,-1,0,0,,,0,,0.00000,0,-1,0,0,,,0,,0.00000,0,6,1,10,,,0,,0.00000,0,-1,0,0,,,0,,0.00000,0,-1,0,0,,,0,,0.00000,"TrpOx(pos6,sev10)",0.00000,0.00000,0.00000,0.00000,0.10000,0.25000,0.35000,0.55000,0.80000,0.00000,0.00000,1.39600,1.39600,,,,True,False,True,True,0.00000,0.00000,100000.25000,100000.25000,0.00000,0.18500,0.00000,0.00000,0.00000,0.00000,0.00000,0.00000,0.18500,0.00000,0.00000,0.00000,0.88372,0.88372,0.39654,0.00000,False,False,False,False,False,False,False,False,False,False,False,False,19.29961,1.92475,18.54751,36.45110,40.34494,False,False,True,True,0.00000,21.64883,11.56003,11.56003,0.42665,0.49066,0.42665,0.42665,0.42665,0.42665,0.42665,0.49919,0.79092,0.00527,0.00527,0.00623,0.86387,0.83031,0.93804,10.39232,False,False,False,False,False,False,False,True,False,False,False,False,385.99921,18.51200,18.51200,286.24805,11906.97461,11620.72656,0,0,
1SVZ_30,1SVZ_30.cif,SRYPPF,SRYPPF,238,0,238.00000,238.00000,6,0.00000,0.00000,0.00000,0.00000,0.16667,0.33333,0.00000,0.00000,0.00000,0.00000,0.00000,0.00000,0.00000,0.00000,0.00000,0.00000,0.00000,0.16667,0.16667,0.16667,0.00000,1.00000,0.00000,0.00000,10,1,1,0,0,0,0,-1,0,0,,,0,,0.00000,0,-1,0,0,,,0,,0.00000,0,-1,0,0,,,0,,0.00000,2,1,10,,,0,,0.00000,0,-1,0,0,,,0,,0.00000,0,-1,0,0,,,0,,0.00000,0,-1,0,0,,,0,,0.00000,0,-1,0,0,,,0,,0.00000,"ProtTryp(pos2,sev10)",0.00000,0.00000,0.00000,0.00000,0.10000,0.20000,0.40000,0.65000,0.85000,0.00000,0.00000,2.37154,2.37154,,,,True,False,False,True,0.00000,0.00000,100000.25000,100000.25000,0.00000,0.21039,0.00000,0.00000,0.00000,0.00000,0.00000,0.00000,0.21039,0.00000,0.00000,0.00000,0.94177,0.94177,0.35669,0.00000,False,False,False,False,False,False,False,False,False,False,False,False,18.72744,1.91377,18.70103,18.94464,20.56882,False,False,True,True,0.00000,17.92930,6.72437,6.72437,0.59768,0.52705,0.59768,0.59768,0.59768,0.59768,0.59768,0.52553,0.82869,0.01782,0.01874,0.01782,0.85589,0.80619,0.90740,5.84684,False,False,False,False,False,False,True,True,False,False,False,True,406.62146,16.37600,16.37600,388.41992,12199.95117,11811.53125,1,1,
1SVZ_31,1SVZ_31.cif,SVYPPL,SVYPPL,238,0,238.00000,238.00000,6,0.00000,0.00000,0.00000,0.00000,0.16667,0.33333,0.00000,0.16667,0.00000,0.00000,0.00000,0.16667,0.00000,0.00000,0.00000,0.00000,0.00000,0.00000,0.00000,0.16667,0.00000,1.00000,0.00000,0.00000,0,0,0,0,0,0,0,-1,0,0,,,0,,0.00000,0,-1,0,0,,,0,,0.00000,0,-1,0,0,,,0,,0.00000,-1,0,0,,,0,,0.00000,0,-1,0,0,,,0,,0.00000,0,-1,0,0,,,0,,0.00000,0,-1,0,0,,,0,,0.00000,0,-1,0,0,,,0,,0.00000,,0.00000,0.00000,0.00000,0.05000,0.10000,0.20000,0.45000,0.60000,0.80000,0.00000,0.00000,1.99268,1.99268,,,,True,False,True,True,0.00000,0.00000,100000.25000,100000.25000,0.00000,0.19800,0.00000,0.00000,0.00000,0.00000,0.00000,0.00000,0.19800,0.00000,0.00000,0.00000,0.94586,0.94586,0.41100,0.00000,False,False,False,False,False,False,False,False,False,False,False,False,18.34609,2.09770,18.41686,15.02390,15.70955,False,False,False,True,0.00000,18.27413,8.07069,8.07069,0.56042,0.52250,0.56042,0.56042,0.56042,0.56042,0.56042,0.52172,0.84108,0.01276,0.01599,0.01276,0.86869,0.83167,0.90915,6.65460,False,False,False,False,False,False,True,True,False,False,False,True,483.01590,19.00150,19.00150,329.98340,11926.86035,11596.87695,1,0,
1SVZ_32,1SVZ_32.cif,SSVPPW,SSVPPW,238,0,238.00000,238.00000,6,0.00000,0.00000,0.00000,0.00000,0.33333,0.33333,0.00000,0.16667,0.00000,0.00000,0.00000,0.00000,0.00000,0.00000,0.00000,0.00000,0.00000,0.00000,0.00000,0.00000,0.16667,1.00000,0.00000,0.00000,10,1,1,0,0,0,0,-1,0,0,,,0,,0.00000,0,-1,0,0,,,0,,0.00000,0,-1,0,0,,,0,,0.00000,-1,0,0,,,0,,0.00000,0,-1,0,0,,,0,,0.00000,0,6,1,10,,,0,,0.00000,0,-1,0,0,,,0,,0.00000,0,-1,0,0,,,0,,0.00000,"TrpOx(pos6,sev10)",0.00000,0.00000,0.00000,0.00000,0.10000,0.25000,0.40000,0.60000,0.75000,0.00000,0.00000,1.82638,1.82638,,,,True,False,True,True,0.00000,0.00000,100000.25000,100000.25000,0.00000,0.19746,0.00000,0.00000,0.00000,0.00000,0.00000,0.00000,0.19746,0.00000,0.00000,0.00000,0.80315,0.80315,0.43500,0.00000,False,False,False,False,False,False,False,False,False,False,False,False,19.29268,1.84564,19.29874,18.25906,19.93035,False,False,True,True,0.00000,17.10244,5.01699,5.01699,0.66804,0.52335,0.66804,0.66804,0.66804,0.66804,0.66804,0.52054,0.82628,0.02693,0.04894,0.02693,0.88439,0.85825,0.92172,5.17073,False,False,False,False,False,False,True,True,False,False,True,True,531.02045,18.64550,18.64550,299.46484,12164.50781,11865.04297,1,0,
1SVZ_33,1SVZ_33.cif,GTGTIW,GTGTIW,238,0,238.00000,238.00000,6,0.00000,0.33333,0.00000,0.00000,0.00000,0.00000,0.33333,0.00000,0.16667,0.00000,0.00000,0.00000,0.00000,0.00000,0.00000,0.00000,0.00000,0.00000,0.00000,0.00000,0.16667,1.00000,0.00000,0.00000,10,1,1,0,0,0,0,-1,0,0,,,0,,0.00000,0,-1,0,0,,,0,,0.00000,0,-1,0,0,,,0,,0.00000,-1,0,0,,,0,,0.00000,0,-1,0,0,,,0,,0.00000,0,6,1,10,,,0,,0.00000,0,-1,0,0,,,0,,0.00000,0,-1,0,0,,,0,,0.00000,"TrpOx(pos6,sev10)",0.00000,0.00000,0.00000,0.00000,0.10000,0.25000,0.35000,0.50000,0.80000,0.00000,0.00000,1.76230,1.76230,,,,True,False,True,True,0.00000,0.00000,100000.25000,100000.25000,0.00000,0.20758,0.00000,0.00000,0.00000,0.00000,0.00000,0.00000,0.20758,0.00000,0.00000,0.00000,0.96140,0.96140,0.37481,0.00000,False,False,False,False,False,False,False,False,False,False,False,False,18.74109,1.62256,17.46231,44.82256,47.72755,False,False,True,True,0.00000,22.82574,10.42974,10.42974,0.39186,0.49754,0.39186,0.39186,0.44200,0.39186,0.39186,0.50652,0.73076,0.00601,0.00601,0.00675,0.84174,0.82434,0.90937,9.47424,False,False,False,False,False,False,False,False,False,False,False,False,290.32059,18.73450,18.73450,245.08594,12071.63281,11826.54688,0,0,
1SVZ_34,1SVZ_34.cif,SSYPPW,SSYPPW,238,0,238.00000,238.00000,6,0.00000,0.00000,0.00000,0.00000,0.33333,0.33333,0.00000,0.00000,0.00000,0.00000,0.00000,0.00000,0.00000,0.00000,0.00000,0.00000,0.00000,0.00000,0.00000,0.16667,0.16667,1.00000,0.00000,0.00000,10,1,1,0,0,0,0,-1,0,0,,,0,,0.00000,0,-1,0,0,,,0,,0.00000,0,-1,0,0,,,0,,0.00000,-1,0,0,,,0,,0.00000,0,-1,0,0,,,0,,0.00000,0,6,1,10,,,0,,0.00000,0,-1,0,0,,,0,,0.00000,0,-1,0,0,,,0,,0.00000,"TrpOx(pos6,sev10)",0.00000,0.00000,0.00000,0.05000,0.10000,0.25000,0.35000,0.60000,0.80000,0.00000,0.00000,3.13222,3.13222,,,,False,False,False,True,0.00000,0.00000,100000.25000,100000.25000,0.00000,0.19566,0.00000,0.00000,0.00000,0.00000,0.00000,0.00000,0.19566,0.00000,0.00000,0.00000,0.89158,0.89158,0.42491,0.00000,False,False,False,False,False,False,False,False,False,False,False,False,19.89131,1.91608,18.92940,41.49978,44.28367,False,False,True,True,0.00000,21.82654,12.47454,12.47454,0.40170,0.50153,0.40170,0.40170,0.40170,0.40170,0.40170,0.51014,0.77768,0.00535,0.00535,0.00620,0.85890,0.83474,0.92004,10.72274,False,False,False,False,False,False,False,True,False,False,False,False,409.76978,18.51200,18.51200,262.34082,12156.85059,11894.50977,0,0,
1SVZ_35,1SVZ_35.cif,SSVPPW,SSVPPW,238,0,238.00000,238.00000,6,0.00000,0.00000,0.00000,0.00000,0.33333,0.33333,0.00000,0.16667,0.00000,0.00000,0.00000,0.00000,0.00000,0.00000,0.00000,0.00000,0.00000,0.00000,0.00000,0.00000,0.16667,1.00000,0.00000,0.00000,10,1,1,0,0,0,0,-1,0,0,,,0,,0.00000,0,-1,0,0,,,0,,0.00000,0,-1,0,0,,,0,,0.00000,-1,0,0,,,0,,0.00000,0,-1,0,0,,,0,,0.00000,0,6,1,10,,,0,,0.00000,0,-1,0,0,,,0,,0.00000,0,-1,0,0,,,0,,0.00000,"TrpOx(pos6,sev10)",0.00000,0.00000,0.00000,0.00000,0.10000,0.25000,0.35000,0.65000,0.80000,0.00000,0.00000,1.00207,1.00207,,,,True,False,True,True,0.00000,0.00000,100000.25000,100000.25000,0.00000,0.19585,0.00000,0.00000,0.00000,0.00000,0.00000,0.00000,0.19585,0.00000,0.00000,0.00000,0.78276,0.78276,0.41570,0.00000,False,False,False,False,False,False,False,False,False,False,False,False,18.53626,2.09204,18.59781,15.48382,16.49759,False,False,False,True,0.00000,17.45893,5.26287,5.26287,0.65974,0.51499,0.65974,0.65974,0.65974,0.65974,0.65974,0.51251,0.83060,0.02444,0.03235,0.02444,0.87894,0.84913,0.94037,5.41311,False,False,False,False,False,False,True,True,False,False,True,True,512.16187,18.64550,18.64550,283.20703,12085.82227,11802.61523,4,0,
1SVZ_36,1SVZ_36.cif,SSVPPW,SSVPPW,238,0,238.00000,238.00000,6,0.00000,0.00000,0.00000,0.00000,0.33333,0.33333,0.00000,0.16667,0.00000,0.00000,0.00000,0.00000,0.00000,0.00000,0.00000,0.00000,0.00000,0.00000,0.00000,0.00000,0.16667,1.00000,0.00000,0.00000,10,1,1,0,0,0,0,-1,0,0,,,0,,0.00000,0,-1,0,0,,,0,,0.00000,0,-1,0,0,,,0,,0.00000,-1,0,0,,,0,,0.00000,0,-1,0,0,,,0,,0.00000,0,6,1,10,,,0,,0.00000,0,-1,0,0,,,0,,0.00000,0,-1,0,0,,,0,,0.00000,"TrpOx(pos6,sev10)",0.00000,0.00000,0.00000,0.00000,0.10000,0.25000,0.45000,0.60000,0.75000,0.00000,0.00000,0.54507,0.54507,,,,True,False,True,True,0.00000,0.00000,100000.25000,100000.25000,0.00000,0.19221,0.00000,0.00000,0.00000,0.00000,0.00000,0.00000,0.19221,0.00000,0.00000,0.00000,0.74317,0.74317,0.43113,0.00000,False,False,False,False,False,False,False,False,False,False,False,False,18.44536,1.95564,18.53107,14.30050,15.23681,False,False,True,True,0.00000,17.22951,4.87118,4.87118,0.66294,0.52041,0.66294,0.66294,0.66294,0.66294,0.66294,0.51784,0.81441,0.02662,0.04153,0.02662,0.88134,0.84624,0.92592,5.01745,False,False,False,False,False,True,True,True,False,False,True,True,487.05826,18.64550,18.64550,355.44727,12152.83008,11797.38281,2,0,
1SVZ_37,1SVZ_37.cif,SSYPPW,SSYPPW,238,0,238.00000,238.00000,6,0.00000,0.00000,0.00000,0.00000,0.33333,0.33333,0.00000,0.00000,0.00000,0.00000,0.00000,0.00000,0.00000,0.00000,0.00000,0.00000,0.00000,0.00000,0.00000,0.16667,0.16667,1.00000,0.00000,0.00000,10,1,1,0,0,0,0,-1,0,0,,,0,,0.00000,0,-1,0,0,,,0,,0.00000,0,-1,0,0,,,0,,0.00000,-1,0,0,,,0,,0.00000,0,-1,0,0,,,0,,0.00000,0,6,1,10,,,0,,0.00000,0,-1,0,0,,,0,,0.00000,0,-1,0,0,,,0,,0.00000,"TrpOx(pos6,sev10)",0.00000,0.00000,0.00000,0.05000,0.10000,0.20000,0.40000,0.60000,0.80000,0.00000,0.00000,1.83755,1.83755,,,,True,False,True,True,0.00000,0.00000,100000.25000,100000.25000,0.00000,0.19822,0.00000,0.00000,0.00000,0.00000,0.00000,0.00000,0.19822,0.00000,0.00000,0.00000,0.87585,0.87585,0.36075,0.00000,False,False,False,False,False,False,False,False,False,False,False,False,19.46852,2.03886,18.50979,41.09327,43.46935,False,False,False,True,0.00000,21.86860,12.48370,12.48370,0.40633,0.49795,0.40633,0.40633,0.40633,0.40633,0.40633,0.50656,0.78061,0.00523,0.00523,0.00610,0.86251,0.82950,0.92872,10.60779,False,False,False,False,False,False,False,True,False,False,False,False,402.27313,18.51200,18.51200,223.29102,11768.46875,11545.17773,0,0,
1SVZ_38,1SVZ_38.cif,SVGPAF,SVGPAF,238,0,238.00000,238.00000,6,0.00000,0.16667,0.16667,0.00000,0.16667,0.16667,0.00000,0.16667,0.00000,0.00000,0.00000,0.00000,0.00000,0.00000,0.00000,0.00000,0.00000,0.16667,0.00000,0.00000,0.00000,1.00000,0.00000,0.00000,0,0,0,0,0,0,0,-1,0,0,,,0,,0.00000,0,-1,0,0,,,0,,0.00000,0,-1,0,0,,,0,,0.00000,-1,0,0,,,0,,0.00000,0,-1,0,0,,,0,,0.00000,0,-1,0,0,,,0,,0.00000,0,-1,0,0,,,0,,0.00000,0,-1,0,0,,,0,,0.00000,,0.00000,0.00000,0.00000,0.00000,0.10000,0.25000,0.40000,0.75000,0.85000,0.00000,0.00000,2.02477,2.02477,,,,True,False,False,True,0.00000,0.00000,100000.25000,100000.25000,0.00000,0.19045,0.00000,0.00000,0.00000,0.00000,0.00000,0.00000,0.19045,0.00000,0.00000,0.00000,0.88156,0.88156,0.37697,0.00000,False,False,False,False,False,False,False,False,False,False,False,False,18.80781,1.53762,18.85972,16.22639,17.15369,False,False,True,True,0.00000,19.77554,8.92987,8.92987,0.49154,0.51092,0.49154,0.49154,0.49154,0.49154,0.49154,0.51168,0.79394,0.00630,0.00630,0.00909,0.87183,0.80780,0.99834,8.51977,False,False,False,False,False,False,False,True,False,False,False,False,470.53882,14.90750,14.90750,306.70605,11947.69141,11640.98535,0,0,
1SVZ_39,1SVZ_39.cif,STKPPF,STKPPF,238,0,238.00000,238.00000,6,0.00000,0.00000,0.00000,0.00000,0.16667,0.33333,0.16667,0.00000,0.00000,0.00000,0.00000,0.00000,0.00000,0.00000,0.00000,0.16667,0.00000,0.16667,0.00000,0.00000,0.00000,1.00000,0.00000,0.00000,10,1,1,0,0,0,0,-1,0,0,,,0,,0.00000,0,-1,0,0,,,0,,0.00000,0,-1,0,0,,,0,,0.00000,3,1,10,,,0,,0.00000,0,-1,0,0,,,0,,0.00000,0,-1,0,0,,,0,,0.00000,0,-1,0,0,,,0,,0.00000,0,-1,0,0,,,0,,0.00000,"ProtTryp(pos3,sev10)",0.00000,0.00000,0.00000,0.00000,0.10000,0.25000,0.40000,0.60000,0.80000,0.00000,0.00000,1.95542,1.95542,,,,True,False,True,True,0.00000,0.00000,100000.25000,100000.25000,0.00000,0.21194,0.00000,0.00000,0.00000,0.00000,0.00000,0.00000,0.21194,0.00000,0.00000,0.00000,0.93185,0.93185,0.32983,0.00000,False,False,False,False,False,False,False,False,False,False,False,False,18.64496,0.93682,18.72556,14.76509,15.67079,False,False,True,True,0.00000,16.79076,4.53230,4.53230,0.70377,0.53102,0.70377,0.70377,0.70377,0.70377,0.70377,0.52748,0.81420,0.03412,0.04624,0.03412,0.88230,0.84401,0.90505,4.22322,False,False,False,False,False,True,True,True,False,True,True,True,377.25906,11.79250,11.79250,313.23242,11916.63770,11603.40527,0,0,
1SVZ_40,1SVZ_40.cif,GAYPPL,GAYPPL,238,0,238.00000,238.00000,6,0.00000,0.16667,0.16667,0.00000,0.00000,0.33333,0.00000,0.00000,0.00000,0.00000,0.00000,0.16667,0.00000,0.00000,0.00000,0.00000,0.00000,0.00000,0.00000,0.16667,0.00000,1.00000,0.00000,0.00000,0,0,0,0,0,0,0,-1,0,0,,,0,,0.00000,0,-1,0,0,,,0,,0.00000,0,-1,0,0,,,0,,0.00000,-1,0,0,,,0,,0.00000,0,-1,0,0,,,0,,0.00000,0,-1,0,0,,,0,,0.00000,0,-1,0,0,,,0,,0.00000,0,-1,0,0,,,0,,0.00000,,0.00000,0.00000,0.00000,0.05000,0.10000,0.25000,0.40000,0.65000,0.80000,0.00000,0.00000,1.76247,1.76247,,,,True,False,True,True,0.00000,0.00000,100000.25000,100000.25000,0.00000,0.18509,0.00000,0.00000,0.00000,0.00000,0.00000,0.00000,0.18509,0.00000,0.00000,0.00000,0.97144,0.97144,0.36722,0.00000,False,False,False,False,False,False,False,False,False,False,False,False,19.07812,1.93797,19.09929,17.70794,18.80742,False,False,True,True,0.00000,19.09465,8.31597,8.31597,0.54818,0.51799,0.54818,0.54818,0.54818,0.54818,0.54818,0.51748,0.84362,0.01122,0.01544,0.01122,0.84090,0.78817,0.93727,7.40749,False,False,False,False,False,False,True,True,False,False,False,True,422.25287,15.88650,15.88650,318.94629,11742.58398,11423.63770,2,0,
1SVZ_41,1SVZ_41.cif,GSVPPW,GSVPPW,238,0,238.00000,238.00000,6,0.00000,0.16667,0.00000,0.00000,0.16667,0.33333,0.00000,0.16667,0.00000,0.00000,0.00000,0.00000,0.00000,0.00000,0.00000,0.00000,0.00000,0.00000,0.00000,0.00000,0.16667,1.00000,0.00000,0.00000,10,1,1,0,0,0,0,-1,0,0,,,0,,0.00000,0,-1,0,0,,,0,,0.00000,0,-1,0,0,,,0,,0.00000,-1,0,0,,,0,,0.00000,0,-1,0,0,,,0,,0.00000,0,6,1,10,,,0,,0.00000,0,-1,0,0,,,0,,0.00000,0,-1,0,0,,,0,,0.00000,"TrpOx(pos6,sev10)",0.00000,0.00000,0.00000,0.05000,0.10000,0.20000,0.40000,0.65000,0.80000,0.00000,0.00000,1.87847,1.87847,,,,True,False,True,True,0.00000,0.00000,100000.25000,100000.25000,0.00000,0.20570,0.00000,0.00000,0.00000,0.00000,0.00000,0.00000,0.20570,0.00000,0.00000,0.00000,0.91973,0.91973,0.32142,0.00000,False,False,False,False,False,False,False,False,False,False,False,False,18.39169,1.73153,18.33392,19.62420,21.45319,False,False,True,True,0.00000,18.67648,7.76523,7.76523,0.55800,0.51093,0.55800,0.55800,0.55800,0.55800,0.55800,0.51046,0.80418,0.01253,0.01253,0.01259,0.90698,0.85913,0.97744,7.42827,False,False,False,False,False,False,True,True,False,False,False,True,481.96091,18.11150,18.11150,280.72461,11976.83203,11696.10742,5,0,
1SVZ_42,1SVZ_42.cif,SVYPPW,SVYPPW,238,0,238.00000,238.00000,6,0.00000,0.00000,0.00000,0.00000,0.16667,0.33333,0.00000,0.16667,0.00000,0.00000,0.00000,0.00000,0.00000,0.00000,0.00000,0.00000,0.00000,0.00000,0.00000,0.16667,0.16667,1.00000,0.00000,0.00000,10,1,1,0,0,0,0,-1,0,0,,,0,,0.00000,0,-1,0,0,,,0,,0.00000,0,-1,0,0,,,0,,0.00000,-1,0,0,,,0,,0.00000,0,-1,0,0,,,0,,0.00000,0,6,1,10,,,0,,0.00000,0,-1,0,0,,,0,,0.00000,0,-1,0,0,,,0,,0.00000,"TrpOx(pos6,sev10)",0.00000,0.00000,0.00000,0.05000,0.10000,0.25000,0.35000,0.60000,0.80000,0.00000,0.00000,2.53243,2.53243,,,,False,False,False,True,0.00000,0.00000,100000.25000,100000.25000,0.00000,0.22036,0.00000,0.00000,0.00000,0.00000,0.00000,0.00000,0.22036,0.00000,0.00000,0.00000,0.91473,0.91473,0.35375,0.00000,False,False,False,False,False,False,False,False,False,False,False,False,19.64024,2.10944,18.67489,41.52390,43.71738,False,False,False,True,0.00000,22.19162,11.39983,11.39983,0.39328,0.50660,0.39328,0.39328,0.41875,0.39328,0.39328,0.51229,0.76057,0.00518,0.00518,0.00594,0.86877,0.82564,0.91740,10.44911,False,False,False,False,False,False,False,True,False,False,False,False,536.24091,20.64770,20.64770,325.04688,12024.65430,11699.60742,1,0,
1SVZ_43,1SVZ_43.cif,SQWPPW,SQWPPW,238,0,238.00000,238.00000,6,0.00000,0.00000,0.00000,0.00000,0.16667,0.33333,0.00000,0.00000,0.00000,0.00000,0.00000,0.00000,0.00000,0.16667,0.00000,0.00000,0.00000,0.00000,0.00000,0.00000,0.33333,1.00000,0.00000,0.00000,20,2,2,0,0,0,0,-1,0,0,,,0,,0.00000,0,-1,0,0,,,0,,0.00000,0,-1,0,0,,,0,,0.00000,-1,0,0,,,0,,0.00000,0,-1,0,0,,,0,,0.00000,0,-1,0,0,,3-6,2,,10.00000,0,-1,0,0,,,0,,0.00000,0,-1,0,0,,,0,,0.00000,"TrpOxx2(pos3-6,sev10)",0.00000,0.00000,0.00000,0.00000,0.10000,0.30000,0.40000,0.75000,0.85000,0.00000,0.00000,2.44540,2.44540,,,,True,False,False,True,0.00000,0.00000,100000.25000,100000.25000,0.00000,0.20791,0.00000,0.00000,0.00000,0.00000,0.00000,0.00000,0.20791,0.00000,0.00000,0.00000,0.87402,0.87402,0.36380,0.00000,False,False,False,False,False,False,False,False,False,False,False,False,18.36948,1.71531,18.18855,23.13093,25.67432,False,False,True,True,0.00000,20.09748,9.90015,9.90015,0.48329,0.49573,0.48329,0.48329,0.48329,0.48329,0.48329,0.49655,0.79668,0.00618,0.00618,0.00691,0.89525,0.85325,0.99851,10.69537,False,False,False,False,False,False,False,True,False,False,False,False,530.82111,23.11660,23.11660,343.72168,11871.95508,11528.23340,3,0,
1SVZ_44,1SVZ_44.cif,STVPPW,STVPPW,238,0,238.00000,238.00000,6,0.00000,0.00000,0.00000,0.00000,0.16667,0.33333,0.16667,0.16667,0.00000,0.00000,0.00000,0.00000,0.00000,0.00000,0.00000,0.00000,0.00000,0.00000,0.00000,0.00000,0.16667,1.00000,0.00000,0.00000,10,1,1,0,0,0,0,-1,0,0,,,0,,0.00000,0,-1,0,0,,,0,,0.00000,0,-1,0,0,,,0,,0.00000,-1,0,0,,,0,,0.00000,0,-1,0,0,,,0,,0.00000,0,6,1,10,,,0,,0.00000,0,-1,0,0,,,0,,0.00000,0,-1,0,0,,,0,,0.00000,"TrpOx(pos6,sev10)",0.00000,0.00000,0.00000,0.00000,0.10000,0.25000,0.35000,0.65000,0.80000,0.00000,0.00000,1.34460,1.34460,,,,True,False,True,True,0.00000,0.00000,100000.25000,100000.25000,0.00000,0.21352,0.00000,0.00000,0.00000,0.00000,0.00000,0.00000,0.21352,0.00000,0.00000,0.00000,0.84747,0.84747,0.36761,0.00000,False,False,False,False,False,False,False,False,False,False,False,False,18.41922,1.80507,18.49959,14.56182,15.43486,False,False,True,True,0.00000,18.52671,7.92428,7.92428,0.56989,0.51445,0.56989,0.56989,0.56989,0.56989,0.56989,0.51372,0.80052,0.00653,0.00653,0.01159,0.88745,0.85854,1.00060,8.81744,False,False,False,False,False,False,True,True,False,False,False,True,482.96591,19.26850,19.26850,305.36914,11941.92188,11636.55273,0,0,
1SVZ_45,1SVZ_45.cif,SLSWYK,SLSWYK,238,0,238.00000,238.00000,6,0.00000,0.00000,0.00000,0.00000,0.33333,0.00000,0.00000,0.00000,0.00000,0.00000,0.00000,0.16667,0.00000,0.00000,0.00000,0.16667,0.00000,0.00000,0.00000,0.16667,0.16667,1.00000,0.00000,0.00000,10,1,1,0,0,0,0,-1,0,0,,,0,,0.00000,0,-1,0,0,,,0,,0.00000,0,-1,0,0,,,0,,0.00000,-1,0,0,,,0,,0.00000,0,-1,0,0,,,0,,0.00000,0,4,1,10,,,0,,0.00000,0,-1,0,0,,,0,,0.00000,0,-1,0,0,,,0,,0.00000,"TrpOx(pos4,sev10)",0.00000,0.00000,0.00000,0.00000,0.10000,0.15000,0.30000,0.55000,0.65000,0.00000,0.00000,2.76860,2.76860,,,,False,False,False,True,0.00000,0.00000,100000.25000,100000.25000,0.00000,0.17544,0.00000,0.00000,0.00000,0.00000,0.00000,0.00000,0.17544,0.00000,0.00000,0.00000,0.93010,0.93010,0.42009,0.00000,False,False,False,False,False,False,False,False,False,False,False,False,18.71939,1.04962,18.75946,16.49020,17.75342,False,False,True,True,0.00000,18.12067,7.64183,7.64183,0.56897,0.52489,0.56897,0.56897,0.56897,0.56897,0.56897,0.52394,0.85461,0.01290,0.04103,0.01290,0.83092,0.78965,0.91048,6.71462,False,False,False,False,False,False,True,True,False,False,False,True,175.50409,19.64070,19.64070,349.54492,11858.41309,11508.86816,4,0,
1SVZ_46,1SVZ_46.cif,SAYPYW,SAYPYW,238,0,238.00000,238.00000,6,0.00000,0.00000,0.16667,0.00000,0.16667,0.16667,0.00000,0.00000,0.00000,0.00000,0.00000,0.00000,0.00000,0.00000,0.00000,0.00000,0.00000,0.00000,0.00000,0.33333,0.16667,1.00000,0.00000,0.00000,10,1,1,0,0,0,0,-1,0,0,,,0,,0.00000,0,-1,0,0,,,0,,0.00000,0,-1,0,0,,,0,,0.00000,-1,0,0,,,0,,0.00000,0,-1,0,0,,,0,,0.00000,0,6,1,10,,,0,,0.00000,0,-1,0,0,,,0,,0.00000,0,-1,0,0,,,0,,0.00000,"TrpOx(pos6,sev10)",0.00000,0.00000,0.00000,0.05000,0.15000,0.20000,0.45000,0.60000,0.80000,0.00000,0.00000,2.25539,2.25539,,,,True,False,False,True,0.00000,0.00000,100000.25000,100000.25000,0.00000,0.22688,0.00000,0.00000,0.00000,0.00000,0.00000,0.00000,0.22688,0.00000,0.00000,0.00000,0.80940,0.80940,0.32545,0.00000,False,False,False,False,False,False,False,False,False,False,False,False,18.53603,1.72351,18.51504,18.55270,20.16935,False,False,True,True,0.00000,20.03453,10.21231,10.21231,0.50500,0.52473,0.50500,0.50500,0.50500,0.50500,0.50500,0.52524,0.82575,0.00603,0.00603,0.00740,0.82076,0.76145,0.92661,10.01678,False,False,False,False,False,False,True,True,False,False,False,True,367.55273,21.03750,21.03750,338.05859,11896.33887,11558.28027,0,0,
1SVZ_47,1SVZ_47.cif,SVYPPW,SVYPPW,238,0,238.00000,238.00000,6,0.00000,0.00000,0.00000,0.00000,0.16667,0.33333,0.00000,0.16667,0.00000,0.00000,0.00000,0.00000,0.00000,0.00000,0.00000,0.00000,0.00000,0.00000,0.00000,0.16667,0.16667,1.00000,0.00000,0.00000,10,1,1,0,0,0,0,-1,0,0,,,0,,0.00000,0,-1,0,0,,,0,,0.00000,0,-1,0,0,,,0,,0.00000,-1,0,0,,,0,,0.00000,0,-1,0,0,,,0,,0.00000,0,6,1,10,,,0,,0.00000,0,-1,0,0,,,0,,0.00000,0,-1,0,0,,,0,,0.00000,"TrpOx(pos6,sev10)",0.00000,0.00000,0.00000,0.00000,0.10000,0.25000,0.40000,0.70000,0.85000,0.00000,0.00000,2.29952,2.29952,,,,True,False,False,True,0.00000,0.00000,100000.25000,100000.25000,0.00000,0.20178,0.00000,0.00000,0.00000,0.00000,0.00000,0.00000,0.20178,0.00000,0.00000,0.00000,0.92852,0.92852,0.37228,0.00000,False,False,False,False,False,False,False,False,False,False,False,False,19.47795,2.32727,18.46758,42.06286,44.25010,False,False,False,True,0.00000,22.22090,11.64930,11.64930,0.40063,0.49867,0.40063,0.40063,0.40063,0.40063,0.40063,0.50642,0.76280,0.00467,0.00467,0.00611,0.85725,0.81526,0.92818,10.37362,False,False,False,False,False,False,False,True,False,False,False,False,439.07056,20.64770,20.64770,231.11914,11891.28125,11660.16211,1,0,
1SVZ_48,1SVZ_48.cif,GSYPPW,GSYPPW,238,0,238.00000,238.00000,6,0.00000,0.16667,0.00000,0.00000,0.16667,0.33333,0.00000,0.00000,0.00000,0.00000,0.00000,0.00000,0.00000,0.00000,0.00000,0.00000,0.00000,0.00000,0.00000,0.16667,0.16667,1.00000,0.00000,0.00000,10,1,1,0,0,0,0,-1,0,0,,,0,,0.00000,0,-1,0,0,,,0,,0.00000,0,-1,0,0,,,0,,0.00000,-1,0,0,,,0,,0.00000,0,-1,0,0,,,0,,0.00000,0,6,1,10,,,0,,0.00000,0,-1,0,0,,,0,,0.00000,0,-1,0,0,,,0,,0.00000,"TrpOx(pos6,sev10)",0.00000,0.00000,0.00000,0.00000,0.10000,0.25000,0.45000,0.65000,0.80000,0.00000,0.00000,2.61328,2.61328,,,,False,False,False,True,0.00000,0.00000,100000.25000,100000.25000,0.00000,0.20348,0.00000,0.00000,0.00000,0.00000,0.00000,0.00000,0.20348,0.00000,0.00000,0.00000,0.87933,0.87933,0.35957,0.00000,False,False,False,False,False,False,False,False,False,False,False,False,18.86543,1.96016,18.75635,21.17953,24.39564,False,False,True,True,0.00000,23.39677,14.86365,14.86365,0.31628,0.50498,0.31628,0.31628,0.31628,0.31628,0.31628,0.50986,0.80378,0.00000,0.00000,0.00451,0.88614,0.82995,0.99641,14.21590,False,False,False,False,False,False,True,True,False,False,False,False,414.11273,17.97800,17.97800,305.45898,11881.74805,11576.28906,2,0,
1SVZ_49,1SVZ_49.cif,SAYPPW,SAYPPW,238,0,238.00000,238.00000,6,0.00000,0.00000,0.16667,0.00000,0.16667,0.33333,0.00000,0.00000,0.00000,0.00000,0.00000,0.00000,0.00000,0.00000,0.00000,0.00000,0.00000,0.00000,0.00000,0.16667,0.16667,1.00000,0.00000,0.00000,10,1,1,0,0,0,0,-1,0,0,,,0,,0.00000,0,-1,0,0,,,0,,0.00000,0,-1,0,0,,,0,,0.00000,-1,0,0,,,0,,0.00000,0,-1,0,0,,,0,,0.00000,0,6,1,10,,,0,,0.00000,0,-1,0,0,,,0,,0.00000,0,-1,0,0,,,0,,0.00000,"TrpOx(pos6,sev10)",0.00000,0.00000,0.00000,0.05000,0.10000,0.25000,0.35000,0.50000,0.75000,0.00000,0.00000,2.42662,2.42662,,,,True,False,False,True,0.00000,0.00000,100000.25000,100000.25000,0.00000,0.21506,0.00000,0.00000,0.00000,0.00000,0.00000,0.00000,0.21506,0.00000,0.00000,0.00000,0.86488,0.86488,0.36435,0.00000,False,False,False,False,False,False,False,False,False,False,False,False,19.40448,1.80863,18.45398,41.02143,43.08834,False,False,True,True,0.00000,21.99383,12.14475,12.14475,0.39210,0.50735,0.39210,0.39210,0.39210,0.39210,0.39210,0.51625,0.77981,0.00481,0.00481,0.00582,0.84108,0.81367,0.92059,10.54868,False,False,False,False,False,False,False,True,False,False,False,False,493.10611,19.04600,19.04600,274.36426,12130.40332,11856.03906,0,0,
1SVZ_50,1SVZ_50.cif,STGYLT,STGYLT,238,0,238.00000,238.00000,6,0.00000,0.16667,0.00000,0.00000,0.16667,0.00000,0.33333,0.00000,0.00000,0.00000,0.00000,0.16667,0.00000,0.00000,0.00000,0.00000,0.00000,0.00000,0.00000,0.16667,0.00000,1.00000,0.00000,0.00000,0,0,0,0,0,0,0,-1,0,0,,,0,,0.00000,0,-1,0,0,,,0,,0.00000,0,-1,0,0,,,0,,0.00000,-1,0,0,,,0,,0.00000,0,-1,0,0,,,0,,0.00000,0,-1,0,0,,,0,,0.00000,0,-1,0,0,,,0,,0.00000,0,-1,0,0,,,0,,0.00000,,0.00000,0.00000,0.00000,0.00000,0.00000,0.25000,0.30000,0.60000,0.90000,0.00000,0.00000,1.81685,1.81685,,,,True,False,True,True,0.00000,0.00000,100000.25000,100000.25000,0.00000,0.19485,0.00000,0.00000,0.00000,0.00000,0.00000,0.00000,0.19485,0.00000,0.00000,0.00000,0.95896,0.95896,0.36860,0.00000,False,False,False,False,False,False,False,False,False,False,False,False,18.92930,2.00581,18.86322,20.41256,22.31068,False,False,False,True,0.00000,18.50482,7.05673,7.05673,0.59172,0.52108,0.59172,0.59172,0.59172,0.59172,0.59172,0.51953,0.79057,0.01566,0.01866,0.01566,0.83658,0.79596,0.94233,6.24631,False,False,False,False,False,False,False,True,False,False,False,True,108.43689,14.10650,14.10650,317.77637,12052.45703,11734.68066,2,0,
1SVZ_51,1SVZ_51.cif,STGPLS,STGPLS,238,0,238.00000,238.00000,6,0.00000,0.16667,0.00000,0.00000,0.33333,0.16667,0.16667,0.00000,0.00000,0.00000,0.00000,0.16667,0.00000,0.00000,0.00000,0.00000,0.00000,0.00000,0.00000,0.00000,0.00000,1.00000,0.00000,0.00000,0,0,0,0,0,0,0,-1,0,0,,,0,,0.00000,0,-1,0,0,,,0,,0.00000,0,-1,0,0,,,0,,0.00000,-1,0,0,,,0,,0.00000,0,-1,0,0,,,0,,0.00000,0,-1,0,0,,,0,,0.00000,0,-1,0,0,,,0,,0.00000,0,-1,0,0,,,0,,0.00000,,0.00000,0.00000,0.00000,0.00000,0.05000,0.25000,0.25000,0.65000,0.85000,0.00000,0.00000,2.21572,2.21572,,,,True,False,False,True,0.00000,0.00000,100000.25000,100000.25000,0.00000,0.20013,0.00000,0.00000,0.00000,0.00000,0.00000,0.00000,0.20013,0.00000,0.00000,0.00000,0.97874,0.97874,0.31813,0.00000,False,False,False,False,False,False,False,False,False,False,False,False,19.32474,2.37930,19.10870,23.45324,29.44351,False,False,False,True,0.00000,19.01186,7.12823,7.12823,0.57908,0.51167,0.57908,0.57908,0.57908,0.57908,0.57908,0.51051,0.79771,0.01225,0.01225,0.01447,0.85073,0.80940,0.95505,6.55503,False,False,False,False,False,False,False,True,False,False,False,True,275.68036,10.94700,10.94700,319.54590,11898.70703,11579.16113,1,0,
1SVZ_52,1SVZ_52.cif,KPPDLG,KPPDLG,238,0,238.00000,238.00000,6,0.00000,0.16667,0.00000,0.00000,0.00000,0.33333,0.00000,0.00000,0.00000,0.00000,0.16667,0.16667,0.00000,0.00000,0.00000,0.16667,0.00000,0.00000,0.00000,0.00000,0.00000,1.00000,0.00000,0.00000,10,1,1,0,0,0,0,-1,0,0,,,0,,0.00000,0,-1,0,0,,,0,,0.00000,0,-1,0,0,,,0,,0.00000,1,1,10,,,0,,0.00000,0,-1,0,0,,,0,,0.00000,0,-1,0,0,,,0,,0.00000,0,-1,0,0,,,0,,0.00000,0,-1,0,0,,,0,,0.00000,"ProtTryp(pos1,sev10)",0.00000,0.00000,0.00000,0.00000,0.10000,0.20000,0.35000,0.65000,0.90000,0.00000,0.00000,1.66292,1.66292,,,,True,False,True,True,0.00000,0.00000,100000.25000,100000.25000,0.00000,0.24448,0.00000,0.00000,0.00000,0.00000,0.00000,0.00000,0.24448,0.00000,0.00000,0.00000,0.97578,0.97578,0.28363,0.00000,False,False,False,False,False,False,False,False,False,False,False,False,20.04632,2.00557,20.08661,17.22876,19.94731,False,False,False,True,0.00000,18.85474,7.01704,7.01704,0.55010,0.52429,0.55010,0.55010,0.55010,0.55010,0.55010,0.52391,0.82175,0.00630,0.00630,0.01394,0.82499,0.75090,0.92357,6.21059,False,False,False,False,False,False,True,True,False,False,False,True,352.59415,10.23500,10.23500,291.87891,11889.04102,11597.16211,0,0,
1SVZ_53,1SVZ_53.cif,GRPPFL,GRPPFL,238,0,238.00000,238.00000,6,0.00000,0.16667,0.00000,0.00000,0.00000,0.33333,0.00000,0.00000,0.00000,0.00000,0.00000,0.16667,0.00000,0.00000,0.00000,0.00000,0.00000,0.16667,0.16667,0.00000,0.00000,1.00000,0.00000,0.00000,10,1,1,0,0,0,0,-1,0,0,,,0,,0.00000,0,-1,0,0,,,0,,0.00000,0,-1,0,0,,,0,,0.00000,2,1,10,,,0,,0.00000,0,-1,0,0,,,0,,0.00000,0,-1,0,0,,,0,,0.00000,0,-1,0,0,,,0,,0.00000,0,-1,0,0,,,0,,0.00000,"ProtTryp(pos2,sev10)",0.00000,0.00000,0.00000,0.00000,0.10000,0.20000,0.35000,0.60000,0.85000,0.00000,0.00000,1.04375,1.04375,,,,True,False,True,True,0.00000,0.00000,100000.25000,100000.25000,0.00000,0.22668,0.00000,0.00000,0.00000,0.00000,0.00000,0.00000,0.22668,0.00000,0.00000,0.00000,0.90252,0.90252,0.30122,0.00000,False,False,False,False,False,False,False,False,False,False,False,False,17.73550,2.15252,17.63841,20.30907,22.04035,False,False,False,True,0.00000,19.46115,7.80206,7.80206,0.55251,0.50884,0.55251,0.55251,0.55251,0.55251,0.55251,0.50802,0.79295,0.00634,0.00634,0.01249,0.82316,0.77662,0.96747,7.35224,False,False,False,False,False,False,False,True,False,False,False,True,523.45886,19.31300,19.31300,391.22363,12077.56543,11686.34180,1,1,
1SVZ_54,1SVZ_54.cif,DFYYYD,DFYYYD,238,0,238.00000,238.00000,6,0.00000,0.00000,0.00000,0.00000,0.00000,0.00000,0.00000,0.00000,0.00000,0.00000,0.33333,0.00000,0.00000,0.00000,0.00000,0.00000,0.00000,0.16667,0.00000,0.50000,0.00000,1.00000,0.00000,0.00000,5,1,0,1,0,0,0,-1,0,0,,,0,,0.00000,0,-1,0,0,,,0,,0.00000,0,-1,0,0,,,0,,0.00000,-1,0,0,,,0,,0.00000,0,2,4,5,,,0,,0.00000,0,-1,0,0,,,0,,0.00000,0,-1,0,0,,,0,,0.00000,0,-1,0,0,,,0,,0.00000,"HydroPatch(pos2,sev5)",0.00000,0.00000,0.00000,0.05000,0.15000,0.15000,0.30000,0.55000,0.85000,0.00000,0.00000,1.43665,1.43665,,,,True,False,True,True,0.00000,0.00000,100000.25000,100000.25000,0.00000,0.21240,0.00000,0.00000,0.00000,0.00000,0.00000,0.00000,0.21240,0.00000,0.00000,0.00000,0.98516,0.98516,0.30967,0.00000,False,False,False,False,False,False,False,False,False,False,False,False,19.46194,1.48033,18.58429,39.92359,41.82040,False,False,True,True,0.00000,21.45000,10.72287,10.72287,0.48197,0.49155,0.48197,0.48197,0.48197,0.48197,0.48197,0.49776,0.83194,0.00575,0.00575,0.00703,0.80277,0.77834,0.92963,9.39851,False,False,False,False,False,False,True,True,False,False,False,False,160.50273,20.61520,20.61520,367.16797,12175.47656,11808.30859,0,1,
1SVZ_55,1SVZ_55.cif,AKGPFD,AKGPFD,238,0,238.00000,238.00000,6,0.00000,0.16667,0.16667,0.00000,0.00000,0.16667,0.00000,0.00000,0.00000,0.00000,0.16667,0.00000,0.00000,0.00000,0.00000,0.16667,0.00000,0.16667,0.00000,0.00000,0.00000,1.00000,0.00000,0.00000,15,2,1,1,0,0,0,-1,0,0,,,0,,0.00000,0,-1,0,0,,,0,,0.00000,0,-1,0,0,,,0,,0.00000,2,1,10,,,0,,0.00000,0,-1,0,0,,,0,,0.00000,0,-1,0,0,,,0,,0.00000,0,1,1,5,,,0,,0.00000,0,-1,0,0,,,0,,0.00000,"ProtTryp(pos2,sev10); DPP4(pos1,sev5)",0.00000,0.00000,0.00000,0.00000,0.00000,0.25000,0.35000,0.65000,0.95000,0.00000,0.00000,2.28770,2.28770,,,,True,False,False,True,0.00000,0.00000,100000.25000,100000.25000,0.00000,0.21900,0.00000,0.00000,0.00000,0.00000,0.00000,0.00000,0.21900,0.00000,0.00000,0.00000,0.87321,0.87321,0.34170,0.00000,False,False,False,False,False,False,False,False,False,False,False,False,19.90258,1.93002,19.88420,19.44705,21.93351,False,False,True,True,0.00000,18.10345,5.49827,5.49827,0.63911,0.50700,0.63911,0.63911,0.63911,0.63911,0.63911,0.50426,0.80517,0.02221,0.02221,0.02299,0.82480,0.79414,0.95658,5.42296,False,False,False,False,False,False,True,True,False,False,True,True,274.45587,9.83450,9.83450,364.23242,12059.02734,11694.79492,3,1,
1SVZ_56,1SVZ_56.cif,KRPPFE,KRPPFE,238,0,238.00000,238.00000,6,0.00000,0.00000,0.00000,0.00000,0.00000,0.33333,0.00000,0.00000,0.00000,0.00000,0.00000,0.00000,0.00000,0.00000,0.16667,0.16667,0.00000,0.16667,0.16667,0.00000,0.00000,1.00000,0.00000,0.00000,20,2,2,0,0,0,0,-1,0,0,,,0,,0.00000,0,-1,0,0,,,0,,0.00000,0,-1,0,0,,,0,,0.00000,-1,0,0,,1-2,2,,10.00000,0,-1,0,0,,,0,,0.00000,0,-1,0,0,,,0,,0.00000,0,-1,0,0,,,0,,0.00000,0,-1,0,0,,,0,,0.00000,"ProtTrypx2(pos1-2,sev10)",0.00000,0.00000,0.00000,0.00000,0.05000,0.25000,0.35000,0.60000,0.85000,0.00000,0.00000,0.62561,0.62561,,,,True,False,True,True,0.00000,0.00000,100000.25000,100000.25000,0.00000,0.21362,0.00000,0.00000,0.00000,0.00000,0.00000,0.00000,0.21362,0.00000,0.00000,0.00000,0.88480,0.88480,0.35571,0.00000,False,False,False,False,False,False,False,False,False,False,False,False,19.12271,1.16550,19.04383,20.92850,23.08316,False,False,True,True,0.00000,17.93611,4.76779,4.76779,0.64684,0.50559,0.64684,0.64684,0.64684,0.64684,0.64684,0.50253,0.79133,0.02976,0.04797,0.02976,0.84218,0.79856,0.93341,4.19454,False,False,False,False,False,True,False,True,False,False,True,True,320.02646,11.16950,11.16950,291.73633,11810.36133,11518.62500,0,0,
1SVZ_57,1SVZ_57.cif,GTGPLT,GTGPLT,238,0,238.00000,238.00000,6,0.00000,0.33333,0.00000,0.00000,0.00000,0.16667,0.33333,0.00000,0.00000,0.00000,0.00000,0.16667,0.00000,0.00000,0.00000,0.00000,0.00000,0.00000,0.00000,0.00000,0.00000,1.00000,0.00000,0.00000,0,0,0,0,0,0,0,-1,0,0,,,0,,0.00000,0,-1,0,0,,,0,,0.00000,0,-1,0,0,,,0,,0.00000,-1,0,0,,,0,,0.00000,0,-1,0,0,,,0,,0.00000,0,-1,0,0,,,0,,0.00000,0,-1,0,0,,,0,,0.00000,0,-1,0,0,,,0,,0.00000,,0.00000,0.00000,0.00000,0.00000,0.10000,0.25000,0.30000,0.60000,0.90000,0.00000,0.00000,2.06410,2.06410,,,,True,False,False,True,0.00000,0.00000,100000.25000,100000.25000,0.00000,0.19785,0.00000,0.00000,0.00000,0.00000,0.00000,0.00000,0.19785,0.00000,0.00000,0.00000,0.96999,0.96999,0.33426,0.00000,False,False,False,False,False,False,False,False,False,False,False,False,18.95922,1.70929,18.88392,20.98767,22.39412,False,False,True,True,0.00000,19.54985,8.40825,8.40825,0.54624,0.53006,0.54624,0.54624,0.54624,0.54624,0.54624,0.52980,0.77591,0.00600,0.00600,0.01132,0.85780,0.80198,0.95924,7.44238,False,False,False,False,False,False,False,True,False,False,False,True,247.53708,11.12500,11.12500,306.81641,11908.95312,11602.13672,0,0,
1SVZ_58,1SVZ_58.cif,KKPPLD,KKPPLD,238,0,238.00000,238.00000,6,0.00000,0.00000,0.00000,0.00000,0.00000,0.33333,0.00000,0.00000,0.00000,0.00000,0.16667,0.16667,0.00000,0.00000,0.00000,0.33333,0.00000,0.00000,0.00000,0.00000,0.00000,1.00000,0.00000,0.00000,20,2,2,0,0,0,0,-1,0,0,,,0,,0.00000,0,-1,0,0,,,0,,0.00000,0,-1,0,0,,,0,,0.00000,-1,0,0,,1-2,2,,10.00000,0,-1,0,0,,,0,,0.00000,0,-1,0,0,,,0,,0.00000,0,-1,0,0,,,0,,0.00000,0,-1,0,0,,,0,,0.00000,"ProtTrypx2(pos1-2,sev10)",0.00000,0.00000,0.00000,0.00000,0.05000,0.20000,0.35000,0.60000,0.85000,0.00000,0.00000,1.88617,1.88617,,,,True,False,True,True,0.00000,0.00000,100000.25000,100000.25000,0.00000,0.24100,0.00000,0.00000,0.00000,0.00000,0.00000,0.00000,0.24100,0.00000,0.00000,0.00000,0.75714,0.75714,0.28065,0.00000,False,False,False,False,False,False,False,False,False,False,False,False,19.10660,1.36928,19.11448,18.20202,19.44024,False,False,True,True,0.00000,17.75961,5.53152,5.53152,0.61749,0.51571,0.61749,0.61749,0.61749,0.61749,0.61749,0.51356,0.82117,0.02102,0.02750,0.02102,0.83829,0.78224,0.92522,5.23197,False,False,False,False,False,False,True,True,False,False,True,True,327.54166,9.21150,9.21150,241.92188,12109.54199,11867.62012,1,0,
1SVZ_59,1SVZ_59.cif,GKGPFT,GKGPFT,238,0,238.00000,238.00000,6,0.00000,0.33333,0.00000,0.00000,0.00000,0.16667,0.16667,0.00000,0.00000,0.00000,0.00000,0.00000,0.00000,0.00000,0.00000,0.16667,0.00000,0.16667,0.00000,0.00000,0.00000,1.00000,0.00000,0.00000,10,1,1,0,0,0,0,-1,0,0,,,0,,0.00000,0,-1,0,0,,,0,,0.00000,0,-1,0,0,,,0,,0.00000,2,1,10,,,0,,0.00000,0,-1,0,0,,,0,,0.00000,0,-1,0,0,,,0,,0.00000,0,-1,0,0,,,0,,0.00000,0,-1,0,0,,,0,,0.00000,"ProtTryp(pos2,sev10)",0.00000,0.00000,0.00000,0.00000,0.05000,0.20000,0.30000,0.65000,0.90000,0.00000,0.00000,3.26991,3.26991,,,,False,False,False,True,0.00000,0.00000,100000.25000,100000.25000,0.00000,0.19638,0.00000,0.00000,0.00000,0.00000,0.00000,0.00000,0.19638,0.00000,0.00000,0.00000,0.91187,0.91187,0.39084,0.00000,False,False,False,False,False,False,False,False,False,False,False,False,18.83385,2.30402,18.85081,17.62636,18.73584,False,False,False,True,0.00000,18.50677,5.92568,5.92568,0.60663,0.51809,0.60663,0.60663,0.60663,0.60663,0.60663,0.51611,0.77343,0.01861,0.02672,0.01861,0.83604,0.76584,0.95826,5.74967,False,False,False,False,False,False,False,True,False,False,True,True,277.02841,10.14600,10.14600,395.30469,12126.76367,11731.45898,2,0,
1SVZ_60,1SVZ_60.cif,GTGPLD,GTGPLD,238,0,238.00000,238.00000,6,0.00000,0.33333,0.00000,0.00000,0.00000,0.16667,0.16667,0.00000,0.00000,0.00000,0.16667,0.16667,0.00000,0.00000,0.00000,0.00000,0.00000,0.00000,0.00000,0.00000,0.00000,1.00000,0.00000,0.00000,0,0,0,0,0,0,0,-1,0,0,,,0,,0.00000,0,-1,0,0,,,0,,0.00000,0,-1,0,0,,,0,,0.00000,-1,0,0,,,0,,0.00000,0,-1,0,0,,,0,,0.00000,0,-1,0,0,,,0,,0.00000,0,-1,0,0,,,0,,0.00000,0,-1,0,0,,,0,,0.00000,,0.00000,0.00000,0.00000,0.00000,0.00000,0.20000,0.30000,0.60000,0.80000,0.00000,0.00000,2.97097,2.97097,,,,False,False,False,True,0.00000,0.00000,100000.25000,100000.25000,0.00000,0.18801,0.00000,0.00000,0.00000,0.00000,0.00000,0.00000,0.18801,0.00000,0.00000,0.00000,0.94350,0.94350,0.35493,0.00000,False,False,False,False,False,False,False,False,False,False,False,False,19.02100,1.92698,19.04243,17.61733,18.76718,False,False,True,True,0.00000,19.62466,8.52796,8.52796,0.52536,0.52367,0.52536,0.52536,0.52536,0.52536,0.52536,0.52416,0.78613,0.00652,0.00652,0.01064,0.86112,0.78147,0.96232,7.70007,False,False,False,False,False,False,False,True,False,False,False,True,233.89908,10.68000,10.68000,280.44531,12035.00586,11754.56055,1,0,
1SVZ_61,1SVZ_61.cif,SRGPFD,SRGPFD,238,0,238.00000,238.00000,6,0.00000,0.16667,0.00000,0.00000,0.16667,0.16667,0.00000,0.00000,0.00000,0.00000,0.16667,0.00000,0.00000,0.00000,0.00000,0.00000,0.00000,0.16667,0.16667,0.00000,0.00000,1.00000,0.00000,0.00000,10,1,1,0,0,0,0,-1,0,0,,,0,,0.00000,0,-1,0,0,,,0,,0.00000,0,-1,0,0,,,0,,0.00000,2,1,10,,,0,,0.00000,0,-1,0,0,,,0,,0.00000,0,-1,0,0,,,0,,0.00000,0,-1,0,0,,,0,,0.00000,0,-1,0,0,,,0,,0.00000,"ProtTryp(pos2,sev10)",0.00000,0.00000,0.00000,0.00000,0.00000,0.25000,0.30000,0.60000,0.90000,0.00000,0.00000,2.35717,2.35717,,,,True,False,False,True,0.00000,0.00000,100000.25000,100000.25000,0.00000,0.20515,0.00000,0.00000,0.00000,0.00000,0.00000,0.00000,0.20515,0.00000,0.00000,0.00000,0.87440,0.87440,0.36000,0.00000,False,False,False,False,False,False,False,False,False,False,False,False,20.25875,1.53343,20.30268,17.37655,19.95940,False,False,True,True,0.00000,17.66248,5.37821,5.37821,0.64864,0.51842,0.64864,0.64864,0.64864,0.64864,0.64864,0.51569,0.80886,0.02411,0.02772,0.02411,0.81876,0.76799,0.91611,5.04721,False,False,False,False,False,False,True,True,False,False,True,True,273.72034,10.59100,10.59100,348.18164,12084.73828,11736.55664,1,0,
1SVZ_62,1SVZ_62.cif,AWPPFS,AWPPFS,238,0,238.00000,238.00000,6,0.00000,0.00000,0.16667,0.00000,0.16667,0.33333,0.00000,0.00000,0.00000,0.00000,0.00000,0.00000,0.00000,0.00000,0.00000,0.00000,0.00000,0.16667,0.00000,0.00000,0.16667,1.00000,0.00000,0.00000,15,2,1,1,0,0,0,-1,0,0,,,0,,0.00000,0,-1,0,0,,,0,,0.00000,0,-1,0,0,,,0,,0.00000,-1,0,0,,,0,,0.00000,0,-1,0,0,,,0,,0.00000,0,2,1,10,,,0,,0.00000,0,1,1,5,,,0,,0.00000,0,-1,0,0,,,0,,0.00000,"DPP4(pos1,sev5); TrpOx(pos2,sev10)",0.00000,0.00000,0.00000,0.00000,0.05000,0.20000,0.35000,0.55000,0.90000,0.00000,0.00000,1.06822,1.06822,,,,True,False,True,True,0.00000,0.00000,100000.25000,100000.25000,0.00000,0.19719,0.00000,0.00000,0.00000,0.00000,0.00000,0.00000,0.19719,0.00000,0.00000,0.00000,0.81129,0.81129,0.41666,0.00000,False,False,False,False,False,False,False,False,False,False,False,False,18.12554,1.75196,17.81597,25.71245,29.47764,False,False,True,True,0.00000,22.75897,13.05402,13.05402,0.37162,0.50304,0.37162,0.37162,0.37162,0.37162,0.37162,0.50643,0.79003,0.00480,0.00480,0.00558,0.84097,0.81022,0.97234,11.20545,False,False,False,False,False,False,False,True,False,False,False,False,546.06140,21.29740,21.29740,311.51172,11652.75684,11341.24512,0,0,
1SVZ_63,1SVZ_63.cif,KKPPLD,KKPPLD,238,0,238.00000,238.00000,6,0.00000,0.00000,0.00000,0.00000,0.00000,0.33333,0.00000,0.00000,0.00000,0.00000,0.16667,0.16667,0.00000,0.00000,0.00000,0.33333,0.00000,0.00000,0.00000,0.00000,0.00000,1.00000,0.00000,0.00000,20,2,2,0,0,0,0,-1,0,0,,,0,,0.00000,0,-1,0,0,,,0,,0.00000,0,-1,0,0,,,0,,0.00000,-1,0,0,,1-2,2,,10.00000,0,-1,0,0,,,0,,0.00000,0,-1,0,0,,,0,,0.00000,0,-1,0,0,,,0,,0.00000,0,-1,0,0,,,0,,0.00000,"ProtTrypx2(pos1-2,sev10)",0.00000,0.00000,0.00000,0.00000,0.10000,0.20000,0.45000,0.60000,0.90000,0.00000,0.00000,2.43101,2.43101,,,,True,False,False,True,0.00000,0.00000,100000.25000,100000.25000,0.00000,0.23576,0.00000,0.00000,0.00000,0.00000,0.00000,0.00000,0.23576,0.00000,0.00000,0.00000,0.74515,0.74515,0.28621,0.00000,False,False,False,False,False,False,False,False,False,False,False,False,19.10848,1.41349,18.95879,22.67816,25.88035,False,False,True,True,0.00000,18.00612,5.28657,5.28657,0.61980,0.52430,0.61980,0.61980,0.61980,0.61980,0.61980,0.52227,0.80814,0.02015,0.02708,0.02015,0.85058,0.80068,0.89233,5.30664,False,False,False,False,False,False,True,True,False,False,True,True,351.92697,9.21150,9.21150,350.39941,12238.93555,11888.53613,2,0,
1SVZ_64,1SVZ_64.cif,STGPFD,STGPFD,238,0,238.00000,238.00000,6,0.00000,0.16667,0.00000,0.00000,0.16667,0.16667,0.16667,0.00000,0.00000,0.00000,0.16667,0.00000,0.00000,0.00000,0.00000,0.00000,0.00000,0.16667,0.00000,0.00000,0.00000,1.00000,0.00000,0.00000,0,0,0,0,0,0,0,-1,0,0,,,0,,0.00000,0,-1,0,0,,,0,,0.00000,0,-1,0,0,,,0,,0.00000,-1,0,0,,,0,,0.00000,0,-1,0,0,,,0,,0.00000,0,-1,0,0,,,0,,0.00000,0,-1,0,0,,,0,,0.00000,0,-1,0,0,,,0,,0.00000,,0.00000,0.00000,0.00000,0.00000,0.00000,0.20000,0.30000,0.55000,0.85000,0.00000,0.00000,1.57659,1.57659,,,,True,False,True,True,0.00000,0.00000,100000.25000,100000.25000,0.00000,0.19642,0.00000,0.00000,0.00000,0.00000,0.00000,0.00000,0.19642,0.00000,0.00000,0.00000,0.90636,0.90636,0.42958,0.00000,False,False,False,False,False,False,False,False,False,False,False,False,18.93274,1.42363,18.84607,21.05924,23.06272,False,False,True,True,0.00000,18.51034,6.92506,6.92506,0.59848,0.52383,0.59848,0.59848,0.59848,0.59848,0.59848,0.52213,0.80535,0.01639,0.01799,0.01639,0.84246,0.80381,0.92504,6.40817,False,False,False,False,False,False,True,True,False,False,False,True,273.82416,12.10400,12.10400,346.51660,12261.51172,11914.99512,2,0,
1SVZ_65,1SVZ_65.cif,SPPNLE,SPPNLE,238,0,238.00000,238.00000,6,0.00000,0.00000,0.00000,0.00000,0.16667,0.33333,0.00000,0.00000,0.00000,0.16667,0.00000,0.16667,0.00000,0.00000,0.16667,0.00000,0.00000,0.00000,0.00000,0.00000,0.00000,1.00000,0.00000,0.00000,0,0,0,0,0,0,0,-1,0,0,,,0,,0.00000,0,-1,0,0,,,0,,0.00000,0,-1,0,0,,,0,,0.00000,-1,0,0,,,0,,0.00000,0,-1,0,0,,,0,,0.00000,0,-1,0,0,,,0,,0.00000,0,-1,0,0,,,0,,0.00000,0,-1,0,0,,,0,,0.00000,,0.00000,0.00000,0.00000,0.00000,0.05000,0.20000,0.40000,0.65000,0.90000,0.00000,0.00000,1.63752,1.63752,,,,True,False,True,True,0.00000,0.00000,100000.25000,100000.25000,0.00000,0.20770,0.00000,0.00000,0.00000,0.00000,0.00000,0.00000,0.20770,0.00000,0.00000,0.00000,0.89762,0.89762,0.33444,0.00000,False,False,False,False,False,False,False,False,False,False,False,False,17.90961,2.01219,17.73341,22.41182,25.15650,False,False,False,True,0.00000,20.67577,10.15632,10.15632,0.46618,0.50969,0.46618,0.46618,0.46618,0.46618,0.46618,0.51087,0.77577,0.00593,0.00593,0.00830,0.83894,0.75658,0.95030,7.95436,False,False,False,False,False,False,False,True,False,False,False,False,192.66650,11.74800,11.74800,305.11523,11959.34375,11654.22852,2,0,
1SVZ_66,1SVZ_66.cif,SKGPLD,SKGPLD,238,0,238.00000,238.00000,6,0.00000,0.16667,0.00000,0.00000,0.16667,0.16667,0.00000,0.00000,0.00000,0.00000,0.16667,0.16667,0.00000,0.00000,0.00000,0.16667,0.00000,0.00000,0.00000,0.00000,0.00000,1.00000,0.00000,0.00000,10,1,1,0,0,0,0,-1,0,0,,,0,,0.00000,0,-1,0,0,,,0,,0.00000,0,-1,0,0,,,0,,0.00000,2,1,10,,,0,,0.00000,0,-1,0,0,,,0,,0.00000,0,-1,0,0,,,0,,0.00000,0,-1,0,0,,,0,,0.00000,0,-1,0,0,,,0,,0.00000,"ProtTryp(pos2,sev10)",0.00000,0.00000,0.00000,0.00000,0.10000,0.25000,0.30000,0.60000,0.80000,0.00000,0.00000,2.10400,2.10400,,,,True,False,False,True,0.00000,0.00000,100000.25000,100000.25000,0.00000,0.18779,0.00000,0.00000,0.00000,0.00000,0.00000,0.00000,0.18779,0.00000,0.00000,0.00000,0.89006,0.89006,0.35279,0.00000,False,False,False,False,False,False,False,False,False,False,False,False,18.72643,1.91565,18.74051,17.67435,18.69743,False,False,True,True,0.00000,18.27099,6.22707,6.22707,0.60794,0.52941,0.60794,0.60794,0.60794,0.60794,0.60794,0.52773,0.78724,0.01517,0.01517,0.01886,0.82581,0.76303,0.91376,5.36331,False,False,False,False,False,False,False,True,False,False,True,True,235.33701,9.34500,9.34500,326.84082,12053.09180,11726.25098,1,0,
1SVZ_67,1SVZ_67.cif,GLPPWA,GLPPWA,238,0,238.00000,238.00000,6,0.00000,0.16667,0.16667,0.00000,0.00000,0.33333,0.00000,0.00000,0.00000,0.00000,0.00000,0.16667,0.00000,0.00000,0.00000,0.00000,0.00000,0.00000,0.00000,0.00000,0.16667,1.00000,0.00000,0.00000,10,1,1,0,0,0,0,-1,0,0,,,0,,0.00000,0,-1,0,0,,,0,,0.00000,0,-1,0,0,,,0,,0.00000,-1,0,0,,,0,,0.00000,0,-1,0,0,,,0,,0.00000,0,5,1,10,,,0,,0.00000,0,-1,0,0,,,0,,0.00000,0,-1,0,0,,,0,,0.00000,"TrpOx(pos5,sev10)",0.00000,0.00000,0.00000,0.00000,0.05000,0.20000,0.30000,0.55000,0.90000,0.00000,0.00000,0.54132,0.54132,,,,True,False,True,True,0.00000,0.00000,100000.25000,100000.25000,0.00000,0.25494,0.00000,0.00000,0.00000,0.00000,0.00000,0.00000,0.25494,0.00000,0.00000,0.00000,0.95916,0.95916,0.31612,0.00000,False,False,False,False,False,False,False,False,False,False,False,False,17.97595,0.67215,17.84709,21.54144,23.30739,False,False,True,True,0.00000,18.76408,6.50562,6.50562,0.58563,0.50085,0.58563,0.58563,0.58563,0.58563,0.58563,0.49917,0.80015,0.01595,0.02500,0.01595,0.88054,0.83766,0.96380,6.83512,False,False,False,False,False,False,True,True,False,False,False,True,482.61389,20.32290,20.32290,361.83887,11899.60840,11537.76953,1,0,
1SVZ_68,1SVZ_68.cif,SRGPLS,SRGPLS,238,0,238.00000,238.00000,6,0.00000,0.16667,0.00000,0.00000,0.33333,0.16667,0.00000,0.00000,0.00000,0.00000,0.00000,0.16667,0.00000,0.00000,0.00000,0.00000,0.00000,0.00000,0.16667,0.00000,0.00000,1.00000,0.00000,0.00000,10,1,1,0,0,0,0,-1,0,0,,,0,,0.00000,0,-1,0,0,,,0,,0.00000,0,-1,0,0,,,0,,0.00000,2,1,10,,,0,,0.00000,0,-1,0,0,,,0,,0.00000,0,-1,0,0,,,0,,0.00000,0,-1,0,0,,,0,,0.00000,0,-1,0,0,,,0,,0.00000,"ProtTryp(pos2,sev10)",0.00000,0.00000,0.00000,0.00000,0.10000,0.20000,0.30000,0.65000,0.95000,0.00000,0.00000,1.93832,1.93832,,,,True,False,True,True,0.00000,0.00000,100000.25000,100000.25000,0.00000,0.20668,0.00000,0.00000,0.00000,0.00000,0.00000,0.00000,0.20668,0.00000,0.00000,0.00000,0.90538,0.90538,0.32264,0.00000,False,False,False,False,False,False,False,False,False,False,False,False,18.30653,1.55618,18.26076,19.38371,20.64301,False,False,True,True,0.00000,18.61790,6.79937,6.79937,0.58773,0.52453,0.58773,0.58773,0.58773,0.58773,0.58773,0.52341,0.77595,0.01323,0.01323,0.01727,0.85732,0.79329,0.93636,5.71598,False,False,False,False,False,False,False,True,False,False,False,True,242.20789,9.43400,9.43400,292.40625,11901.90039,11609.49414,3,0,
1SVZ_69,1SVZ_69.cif,STGPFD,STGPFD,238,0,238.00000,238.00000,6,0.00000,0.16667,0.00000,0.00000,0.16667,0.16667,0.16667,0.00000,0.00000,0.00000,0.16667,0.00000,0.00000,0.00000,0.00000,0.00000,0.00000,0.16667,0.00000,0.00000,0.00000,1.00000,0.00000,0.00000,0,0,0,0,0,0,0,-1,0,0,,,0,,0.00000,0,-1,0,0,,,0,,0.00000,0,-1,0,0,,,0,,0.00000,-1,0,0,,,0,,0.00000,0,-1,0,0,,,0,,0.00000,0,-1,0,0,,,0,,0.00000,0,-1,0,0,,,0,,0.00000,0,-1,0,0,,,0,,0.00000,,0.00000,0.00000,0.00000,0.00000,0.10000,0.25000,0.30000,0.60000,0.95000,0.00000,0.00000,2.63549,2.63549,,,,False,False,False,True,0.00000,0.00000,100000.25000,100000.25000,0.00000,0.20280,0.00000,0.00000,0.00000,0.00000,0.00000,0.00000,0.20280,0.00000,0.00000,0.00000,0.88392,0.88392,0.36468,0.00000,False,False,False,False,False,False,False,False,False,False,False,False,19.09046,1.87161,19.10438,18.00753,19.11356,False,False,True,True,0.00000,18.22217,6.91001,6.91001,0.59685,0.52610,0.59685,0.59685,0.59685,0.59685,0.59685,0.52459,0.78093,0.01664,0.01803,0.01664,0.82834,0.78833,0.92489,6.48113,False,False,False,False,False,False,False,True,False,False,False,True,292.52332,12.10400,12.10400,350.03516,11909.65234,11559.61719,2,0,
1SVZ_70,1SVZ_70.cif,GSPPFT,GSPPFT,238,0,238.00000,238.00000,6,0.00000,0.16667,0.00000,0.00000,0.16667,0.33333,0.16667,0.00000,0.00000,0.00000,0.00000,0.00000,0.00000,0.00000,0.00000,0.00000,0.00000,0.16667,0.00000,0.00000,0.00000,1.00000,0.00000,0.00000,0,0,0,0,0,0,0,-1,0,0,,,0,,0.00000,0,-1,0,0,,,0,,0.00000,0,-1,0,0,,,0,,0.00000,-1,0,0,,,0,,0.00000,0,-1,0,0,,,0,,0.00000,0,-1,0,0,,,0,,0.00000,0,-1,0,0,,,0,,0.00000,0,-1,0,0,,,0,,0.00000,,0.00000,0.00000,0.00000,0.05000,0.15000,0.20000,0.35000,0.60000,0.90000,0.00000,0.00000,2.18803,2.18803,,,,True,False,False,True,0.00000,0.00000,100000.25000,100000.25000,0.00000,0.20150,0.00000,0.00000,0.00000,0.00000,0.00000,0.00000,0.20150,0.00000,0.00000,0.00000,0.95400,0.95400,0.37136,0.00000,False,False,False,False,False,False,False,False,False,False,False,False,18.90989,0.93507,18.93784,17.22866,18.40296,False,False,True,True,0.00000,17.52597,5.12988,5.12988,0.62295,0.51054,0.62295,0.62295,0.62295,0.62295,0.62295,0.50786,0.81666,0.02097,0.03403,0.02097,0.85174,0.81041,0.92879,5.41627,False,False,False,False,False,False,True,True,False,False,True,True,310.99783,12.50450,12.50450,347.93066,12108.67969,11760.74902,1,0,
1SVZ_71,1SVZ_71.cif,GPPPLG,GPPPLG,238,0,238.00000,238.00000,6,0.00000,0.33333,0.00000,0.00000,0.00000,0.50000,0.00000,0.00000,0.00000,0.00000,0.00000,0.16667,0.00000,0.00000,0.00000,0.00000,0.00000,0.00000,0.00000,0.00000,0.00000,1.00000,0.00000,0.00000,0,0,0,0,0,0,0,-1,0,0,,,0,,0.00000,0,-1,0,0,,,0,,0.00000,0,-1,0,0,,,0,,0.00000,-1,0,0,,,0,,0.00000,0,-1,0,0,,,0,,0.00000,0,-1,0,0,,,0,,0.00000,0,-1,0,0,,,0,,0.00000,0,-1,0,0,,,0,,0.00000,,0.00000,0.00000,0.00000,0.00000,0.15000,0.20000,0.45000,0.60000,0.85000,0.00000,0.00000,2.03631,2.03631,,,,True,False,False,True,0.00000,0.00000,100000.25000,100000.25000,0.00000,0.24543,0.00000,0.00000,0.00000,0.00000,0.00000,0.00000,0.24543,0.00000,0.00000,0.00000,0.98644,0.98644,0.27612,0.00000,False,False,False,False,False,False,False,False,False,False,False,False,18.68251,2.55074,18.48689,24.02826,26.26551,False,False,False,True,0.00000,19.87160,7.70138,7.70138,0.50826,0.51255,0.50826,0.50826,0.53851,0.50826,0.50826,0.51269,0.80104,0.00631,0.00631,0.01113,0.83536,0.78814,0.93536,7.01654,False,False,False,False,False,False,True,True,False,False,False,True,471.10388,10.63550,10.63550,276.12109,11785.15430,11509.03320,0,0,
1SVZ_72,1SVZ_72.cif,YPSYLK,YPSYLK,238,0,238.00000,238.00000,6,0.00000,0.00000,0.00000,0.00000,0.16667,0.16667,0.00000,0.00000,0.00000,0.00000,0.00000,0.16667,0.00000,0.00000,0.00000,0.16667,0.00000,0.00000,0.00000,0.33333,0.00000,1.00000,0.00000,0.00000,0,0,0,0,0,0,0,-1,0,0,,,0,,0.00000,0,-1,0,0,,,0,,0.00000,0,-1,0,0,,,0,,0.00000,-1,0,0,,,0,,0.00000,0,-1,0,0,,,0,,0.00000,0,-1,0,0,,,0,,0.00000,0,-1,0,0,,,0,,0.00000,0,-1,0,0,,,0,,0.00000,,0.00000,0.00000,0.00000,0.00000,0.10000,0.20000,0.30000,0.55000,0.90000,0.00000,0.00000,2.03273,2.03273,,,,True,False,False,True,0.00000,0.00000,100000.25000,100000.25000,0.00000,0.20744,0.00000,0.00000,0.00000,0.00000,0.00000,0.00000,0.20744,0.00000,0.00000,0.00000,0.83917,0.83917,0.34338,0.00000,False,False,False,False,False,False,False,False,False,False,False,False,19.43568,2.22218,19.32797,21.74767,24.89256,False,False,False,True,0.00000,18.51258,7.91848,7.91848,0.53434,0.52993,0.53434,0.53434,0.53434,0.53434,0.53434,0.52984,0.79851,0.01109,0.01768,0.01109,0.84142,0.79127,0.87102,7.25387,False,False,False,False,False,False,False,True,False,False,False,True,114.16634,15.66400,15.66400,342.84961,11806.08203,11463.23242,0,0,
1SVZ_73,1SVZ_73.cif,SSPPLD,SSPPLD,238,0,238.00000,238.00000,6,0.00000,0.00000,0.00000,0.00000,0.33333,0.33333,0.00000,0.00000,0.00000,0.00000,0.16667,0.16667,0.00000,0.00000,0.00000,0.00000,0.00000,0.00000,0.00000,0.00000,0.00000,1.00000,0.00000,0.00000,0,0,0,0,0,0,0,-1,0,0,,,0,,0.00000,0,-1,0,0,,,0,,0.00000,0,-1,0,0,,,0,,0.00000,-1,0,0,,,0,,0.00000,0,-1,0,0,,,0,,0.00000,0,-1,0,0,,,0,,0.00000,0,-1,0,0,,,0,,0.00000,0,-1,0,0,,,0,,0.00000,,0.00000,0.00000,0.00000,0.00000,0.05000,0.20000,0.25000,0.55000,0.85000,0.00000,0.00000,1.59242,1.59242,,,,True,False,True,True,0.00000,0.00000,100000.25000,100000.25000,0.00000,0.22648,0.00000,0.00000,0.00000,0.00000,0.00000,0.00000,0.22648,0.00000,0.00000,0.00000,0.91015,0.91015,0.31417,0.00000,False,False,False,False,False,False,False,False,False,False,False,False,18.70528,1.92549,18.72791,17.46693,18.16535,False,False,True,True,0.00000,19.45971,8.42562,8.42562,0.49537,0.51828,0.49537,0.49537,0.51703,0.49537,0.49537,0.51940,0.81873,0.00633,0.00633,0.01019,0.86687,0.80880,0.92212,7.44293,False,False,False,False,False,False,True,True,False,False,False,False,326.77084,11.70350,11.70350,263.67188,11806.31250,11542.64062,0,0,
1SVZ_74,1SVZ_74.cif,GRPPLD,GRPPLD,238,0,238.00000,238.00000,6,0.00000,0.16667,0.00000,0.00000,0.00000,0.33333,0.00000,0.00000,0.00000,0.00000,0.16667,0.16667,0.00000,0.00000,0.00000,0.00000,0.00000,0.00000,0.16667,0.00000,0.00000,1.00000,0.00000,0.00000,10,1,1,0,0,0,0,-1,0,0,,,0,,0.00000,0,-1,0,0,,,0,,0.00000,0,-1,0,0,,,0,,0.00000,2,1,10,,,0,,0.00000,0,-1,0,0,,,0,,0.00000,0,-1,0,0,,,0,,0.00000,0,-1,0,0,,,0,,0.00000,0,-1,0,0,,,0,,0.00000,"ProtTryp(pos2,sev10)",0.00000,0.00000,0.00000,0.00000,0.15000,0.20000,0.35000,0.70000,0.90000,0.00000,0.00000,1.69703,1.69703,,,,True,False,True,True,0.00000,0.00000,100000.25000,100000.25000,0.00000,0.23306,0.00000,0.00000,0.00000,0.00000,0.00000,0.00000,0.23306,0.00000,0.00000,0.00000,0.93626,0.93626,0.27868,0.00000,False,False,False,False,False,False,False,False,False,False,False,False,18.72322,2.12289,18.73798,17.52873,18.80369,False,False,False,True,0.00000,19.16335,7.47196,7.47196,0.52937,0.51432,0.52937,0.52937,0.52937,0.52937,0.52937,0.51444,0.80831,0.00847,0.00847,0.01235,0.85294,0.80105,0.93456,6.83805,False,False,False,False,False,False,True,True,False,False,False,True,325.34781,10.27950,10.27950,259.06152,11837.39355,11578.33203,1,0,
1SVZ_75,1SVZ_75.cif,GRPDLG,GRPDLG,238,0,238.00000,238.00000,6,0.00000,0.33333,0.00000,0.00000,0.00000,0.16667,0.00000,0.00000,0.00000,0.00000,0.16667,0.16667,0.00000,0.00000,0.00000,0.00000,0.00000,0.00000,0.16667,0.00000,0.00000,1.00000,0.00000,0.00000,10,1,1,0,0,0,0,-1,0,0,,,0,,0.00000,0,-1,0,0,,,0,,0.00000,0,-1,0,0,,,0,,0.00000,2,1,10,,,0,,0.00000,0,-1,0,0,,,0,,0.00000,0,-1,0,0,,,0,,0.00000,0,-1,0,0,,,0,,0.00000,0,-1,0,0,,,0,,0.00000,"ProtTryp(pos2,sev10)",0.00000,0.00000,0.00000,0.00000,0.15000,0.20000,0.45000,0.65000,0.85000,0.00000,0.00000,2.02631,2.02631,,,,True,False,False,True,0.00000,0.00000,100000.25000,100000.25000,0.00000,0.23928,0.00000,0.00000,0.00000,0.00000,0.00000,0.00000,0.23928,0.00000,0.00000,0.00000,0.90144,0.90144,0.30030,0.00000,False,False,False,False,False,False,False,False,False,False,False,False,18.39760,1.93296,18.24068,22.05662,25.43273,False,False,True,True,0.00000,19.13639,7.69369,7.69369,0.56500,0.50173,0.56500,0.56500,0.56500,0.56500,0.56500,0.50049,0.84473,0.01125,0.01125,0.01369,0.81025,0.73746,0.95299,6.20799,False,False,False,False,False,False,True,True,False,False,False,True,253.94101,9.16700,9.16700,369.08496,11878.32129,11509.23633,1,1,
1SVZ_76,1SVZ_76.cif,KPPDLD,KPPDLD,238,0,238.00000,238.00000,6,0.00000,0.00000,0.00000,0.00000,0.00000,0.33333,0.00000,0.00000,0.00000,0.00000,0.33333,0.16667,0.00000,0.00000,0.00000,0.16667,0.00000,0.00000,0.00000,0.00000,0.00000,1.00000,0.00000,0.00000,10,1,1,0,0,0,0,-1,0,0,,,0,,0.00000,0,-1,0,0,,,0,,0.00000,0,-1,0,0,,,0,,0.00000,1,1,10,,,0,,0.00000,0,-1,0,0,,,0,,0.00000,0,-1,0,0,,,0,,0.00000,0,-1,0,0,,,0,,0.00000,0,-1,0,0,,,0,,0.00000,"ProtTryp(pos1,sev10)",0.00000,0.00000,0.00000,0.00000,0.10000,0.20000,0.35000,0.65000,0.85000,0.00000,0.00000,0.54293,0.54293,,,,True,False,True,True,0.00000,0.00000,100000.25000,100000.25000,0.00000,0.23273,0.00000,0.00000,0.00000,0.00000,0.00000,0.00000,0.23273,0.00000,0.00000,0.00000,0.83864,0.83864,0.30935,0.00000,False,False,False,False,False,False,False,False,False,False,False,False,19.09779,1.43669,19.04873,20.16716,21.71242,False,False,True,True,0.00000,19.90510,8.80881,8.80881,0.47625,0.51520,0.47625,0.47625,0.47625,0.47625,0.47625,0.51650,0.82283,0.00568,0.00568,0.00912,0.85203,0.80153,0.93969,7.63890,False,False,False,False,False,False,True,True,False,False,False,False,321.81967,10.68000,10.68000,224.94141,11991.53711,11766.59570,0,0,
1SVZ_77,1SVZ_77.cif,SASYLD,SASYLD,238,0,238.00000,238.00000,6,0.00000,0.00000,0.16667,0.00000,0.33333,0.00000,0.00000,0.00000,0.00000,0.00000,0.16667,0.16667,0.00000,0.00000,0.00000,0.00000,0.00000,0.00000,0.00000,0.16667,0.00000,1.00000,0.00000,0.00000,0,0,0,0,0,0,0,-1,0,0,,,0,,0.00000,0,-1,0,0,,,0,,0.00000,0,-1,0,0,,,0,,0.00000,-1,0,0,,,0,,0.00000,0,-1,0,0,,,0,,0.00000,0,-1,0,0,,,0,,0.00000,0,-1,0,0,,,0,,0.00000,0,-1,0,0,,,0,,0.00000,,0.00000,0.00000,0.00000,0.00000,0.05000,0.15000,0.15000,0.50000,0.65000,0.00000,0.00000,2.15145,2.15145,,,,True,False,False,True,0.00000,0.00000,100000.25000,100000.25000,0.00000,0.19920,0.00000,0.00000,0.00000,0.00000,0.00000,0.00000,0.19920,0.00000,0.00000,0.00000,0.84954,0.84954,0.42112,0.00000,False,False,False,False,False,False,False,False,False,False,False,False,19.25485,2.16158,19.26727,18.12443,19.45868,False,False,False,True,0.00000,18.58372,7.40881,7.40881,0.56158,0.50818,0.56158,0.56158,0.56158,0.56158,0.56158,0.50693,0.75675,0.01318,0.01876,0.01318,0.80977,0.77666,0.98445,7.18084,False,False,False,False,False,False,False,True,False,False,False,True,143.28798,13.75050,13.75050,359.82227,12064.40918,11704.58691,3,0,
1SVZ_78,1SVZ_78.cif,EPYNLD,EPYNLD,238,0,238.00000,238.00000,6,0.00000,0.00000,0.00000,0.00000,0.00000,0.16667,0.00000,0.00000,0.00000,0.16667,0.16667,0.16667,0.00000,0.00000,0.16667,0.00000,0.00000,0.00000,0.00000,0.16667,0.00000,1.00000,0.00000,0.00000,0,0,0,0,0,0,0,-1,0,0,,,0,,0.00000,0,-1,0,0,,,0,,0.00000,0,-1,0,0,,,0,,0.00000,-1,0,0,,,0,,0.00000,0,-1,0,0,,,0,,0.00000,0,-1,0,0,,,0,,0.00000,0,-1,0,0,,,0,,0.00000,0,-1,0,0,,,0,,0.00000,,0.00000,0.00000,0.00000,0.00000,0.05000,0.20000,0.35000,0.55000,0.80000,0.00000,0.00000,2.63081,2.63081,,,,False,False,False,True,0.00000,0.00000,100000.25000,100000.25000,0.00000,0.21420,0.00000,0.00000,0.00000,0.00000,0.00000,0.00000,0.21420,0.00000,0.00000,0.00000,0.91016,0.91016,0.34115,0.00000,False,False,False,False,False,False,False,False,False,False,False,False,19.32221,2.88831,18.49539,38.75223,40.82716,False,False,False,True,0.00000,20.92502,9.39816,9.39816,0.49853,0.50977,0.49853,0.49853,0.49853,0.49853,0.49853,0.51382,0.78535,0.00619,0.00619,0.00915,0.83067,0.79738,0.90003,8.28123,False,False,False,False,False,False,False,True,False,False,False,False,142.50226,14.72950,14.72950,328.63867,12034.46484,11705.82617,0,1,
1SVZ_79,1SVZ_79.cif,GGYPAP,GGYPAP,238,0,238.00000,238.00000,6,0.00000,0.33333,0.16667,0.00000,0.00000,0.33333,0.00000,0.00000,0.00000,0.00000,0.00000,0.00000,0.00000,0.00000,0.00000,0.00000,0.00000,0.00000,0.00000,0.16667,0.00000,1.00000,0.00000,0.00000,0,0,0,0,0,0,0,-1,0,0,,,0,,0.00000,0,-1,0,0,,,0,,0.00000,0,-1,0,0,,,0,,0.00000,-1,0,0,,,0,,0.00000,0,-1,0,0,,,0,,0.00000,0,-1,0,0,,,0,,0.00000,0,-1,0,0,,,0,,0.00000,0,-1,0,0,,,0,,0.00000,,0.00000,0.00000,0.00000,0.00000,0.00000,0.15000,0.35000,0.65000,0.85000,0.00000,0.00000,2.03605,2.03605,,,,True,False,False,True,0.00000,0.00000,100000.25000,100000.25000,0.00000,0.17741,0.00000,0.00000,0.00000,0.00000,0.00000,0.00000,0.17741,0.00000,0.00000,0.00000,0.98966,0.98966,0.35139,0.00000,False,False,False,False,False,False,False,False,False,False,False,False,18.40762,2.06950,18.44410,16.39074,17.51470,False,False,False,True,0.00000,18.78902,7.71096,7.71096,0.56746,0.51996,0.56746,0.56746,0.56746,0.56746,0.56746,0.51923,0.85391,0.01260,0.01771,0.01260,0.82919,0.77125,0.92709,7.02869,False,False,False,False,False,False,True,True,False,False,False,True,303.54288,8.27700,8.27700,339.32129,12067.43359,11728.11230,2,0,
1SVZ_80,1SVZ_80.cif,DIVNLD,DIVNLD,238,0,238.00000,238.00000,6,0.00000,0.00000,0.00000,0.00000,0.00000,0.00000,0.00000,0.16667,0.16667,0.16667,0.33333,0.16667,0.00000,0.00000,0.00000,0.00000,0.00000,0.00000,0.00000,0.00000,0.00000,1.00000,0.00000,0.00000,0,0,0,0,0,0,0,-1,0,0,,,0,,0.00000,0,-1,0,0,,,0,,0.00000,0,-1,0,0,,,0,,0.00000,-1,0,0,,,0,,0.00000,0,-1,0,0,,,0,,0.00000,0,-1,0,0,,,0,,0.00000,0,-1,0,0,,,0,,0.00000,0,-1,0,0,,,0,,0.00000,,0.00000,0.00000,0.00000,0.00000,0.10000,0.15000,0.35000,0.50000,0.90000,0.00000,0.00000,2.55277,2.55277,,,,False,False,False,True,0.00000,0.00000,100000.25000,100000.25000,0.00000,0.19761,0.00000,0.00000,0.00000,0.00000,0.00000,0.00000,0.19761,0.00000,0.00000,0.00000,0.96090,0.96090,0.35745,0.00000,False,False,False,False,False,False,False,False,False,False,False,False,18.29366,2.65313,18.29159,17.95121,18.80836,False,False,False,True,0.00000,22.10315,13.88643,13.88643,0.36267,0.51729,0.36267,0.36267,0.37743,0.36267,0.36267,0.52129,0.78553,0.00000,0.00000,0.00495,0.82607,0.79313,0.94968,10.30206,False,False,False,False,False,False,False,True,False,False,False,False,331.92218,18.42300,18.42300,265.42676,11993.53418,11728.10742,0,0,
1SVZ_81,1SVZ_81.cif,DEPYFG,DEPYFG,238,0,238.00000,238.00000,6,0.00000,0.16667,0.00000,0.00000,0.00000,0.16667,0.00000,0.00000,0.00000,0.00000,0.16667,0.00000,0.00000,0.00000,0.16667,0.00000,0.00000,0.16667,0.00000,0.16667,0.00000,1.00000,0.00000,0.00000,0,0,0,0,0,0,0,-1,0,0,,,0,,0.00000,0,-1,0,0,,,0,,0.00000,0,-1,0,0,,,0,,0.00000,-1,0,0,,,0,,0.00000,0,-1,0,0,,,0,,0.00000,0,-1,0,0,,,0,,0.00000,0,-1,0,0,,,0,,0.00000,0,-1,0,0,,,0,,0.00000,,0.00000,0.00000,0.00000,0.00000,0.00000,0.15000,0.30000,0.60000,0.75000,0.00000,0.00000,2.12280,2.12280,,,,True,False,False,True,0.00000,0.00000,100000.25000,100000.25000,0.00000,0.23920,0.00000,0.00000,0.00000,0.00000,0.00000,0.00000,0.23920,0.00000,0.00000,0.00000,0.88259,0.88259,0.30443,0.00000,False,False,False,False,False,False,False,False,False,False,False,False,18.94747,1.71578,18.98920,16.92295,17.61427,False,False,True,True,0.00000,20.15355,9.47960,9.47960,0.47752,0.50447,0.47752,0.47752,0.47752,0.47752,0.47752,0.50542,0.77517,0.00653,0.00653,0.00799,0.79766,0.72781,0.95786,9.08153,False,False,False,False,False,False,False,True,False,False,False,False,234.57819,15.48600,15.48600,343.67676,11983.34375,11639.66699,0,0,
1SVZ_82,1SVZ_82.cif,GRPPLG,GRPPLG,238,0,238.00000,238.00000,6,0.00000,0.33333,0.00000,0.00000,0.00000,0.33333,0.00000,0.00000,0.00000,0.00000,0.00000,0.16667,0.00000,0.00000,0.00000,0.00000,0.00000,0.00000,0.16667,0.00000,0.00000,1.00000,0.00000,0.00000,10,1,1,0,0,0,0,-1,0,0,,,0,,0.00000,0,-1,0,0,,,0,,0.00000,0,-1,0,0,,,0,,0.00000,2,1,10,,,0,,0.00000,0,-1,0,0,,,0,,0.00000,0,-1,0,0,,,0,,0.00000,0,-1,0,0,,,0,,0.00000,0,-1,0,0,,,0,,0.00000,"ProtTryp(pos2,sev10)",0.00000,0.00000,0.00000,0.00000,0.10000,0.25000,0.40000,0.55000,0.85000,0.00000,0.00000,1.83497,1.83497,,,,True,False,True,True,0.00000,0.00000,100000.25000,100000.25000,0.00000,0.23879,0.00000,0.00000,0.00000,0.00000,0.00000,0.00000,0.23879,0.00000,0.00000,0.00000,0.92314,0.92314,0.27697,0.00000,False,False,False,False,False,False,False,False,False,False,False,False,18.15970,1.83060,18.16185,17.60930,18.56197,False,False,True,True,0.00000,18.30244,6.70733,6.70733,0.59283,0.51753,0.59283,0.59283,0.59283,0.59283,0.59283,0.51603,0.84157,0.01658,0.02368,0.01658,0.86244,0.80488,0.92462,5.67121,False,False,False,False,False,False,True,True,False,False,False,True,377.32779,9.83450,9.83450,283.93457,11871.47949,11587.54492,1,1,
1SVZ_83,1SVZ_83.cif,KGPPFL,KGPPFL,238,0,238.00000,238.00000,6,0.00000,0.16667,0.00000,0.00000,0.00000,0.33333,0.00000,0.00000,0.00000,0.00000,0.00000,0.16667,0.00000,0.00000,0.00000,0.16667,0.00000,0.16667,0.00000,0.00000,0.00000,1.00000,0.00000,0.00000,10,1,1,0,0,0,0,-1,0,0,,,0,,0.00000,0,-1,0,0,,,0,,0.00000,0,-1,0,0,,,0,,0.00000,1,1,10,,,0,,0.00000,0,-1,0,0,,,0,,0.00000,0,-1,0,0,,,0,,0.00000,0,-1,0,0,,,0,,0.00000,0,-1,0,0,,,0,,0.00000,"ProtTryp(pos1,sev10)",0.00000,0.00000,0.00000,0.00000,0.00000,0.20000,0.35000,0.60000,0.90000,0.00000,0.00000,2.03956,2.03956,,,,True,False,False,True,0.00000,0.00000,100000.25000,100000.25000,0.00000,0.22512,0.00000,0.00000,0.00000,0.00000,0.00000,0.00000,0.22512,0.00000,0.00000,0.00000,0.94161,0.94161,0.31113,0.00000,False,False,False,False,False,False,False,False,False,False,False,False,18.88472,1.97260,18.83751,19.90266,21.40503,False,False,True,True,0.00000,18.23046,6.06710,6.06710,0.60330,0.53207,0.60330,0.60330,0.60330,0.60330,0.60330,0.53060,0.79812,0.01801,0.01801,0.01944,0.82737,0.79249,0.88654,5.87491,False,False,False,False,False,False,False,True,False,False,True,True,517.52557,19.71350,19.71350,319.37109,11974.17773,11654.80664,1,0,
1SVZ_84,1SVZ_84.cif,SRGPFG,SRGPFG,238,0,238.00000,238.00000,6,0.00000,0.33333,0.00000,0.00000,0.16667,0.16667,0.00000,0.00000,0.00000,0.00000,0.00000,0.00000,0.00000,0.00000,0.00000,0.00000,0.00000,0.16667,0.16667,0.00000,0.00000,1.00000,0.00000,0.00000,10,1,1,0,0,0,0,-1,0,0,,,0,,0.00000,0,-1,0,0,,,0,,0.00000,0,-1,0,0,,,0,,0.00000,2,1,10,,,0,,0.00000,0,-1,0,0,,,0,,0.00000,0,-1,0,0,,,0,,0.00000,0,-1,0,0,,,0,,0.00000,0,-1,0,0,,,0,,0.00000,"ProtTryp(pos2,sev10)",0.00000,0.00000,0.00000,0.00000,0.05000,0.25000,0.35000,0.60000,0.90000,0.00000,0.00000,1.50788,1.50788,,,,True,False,True,True,0.00000,0.00000,100000.25000,100000.25000,0.00000,0.21722,0.00000,0.00000,0.00000,0.00000,0.00000,0.00000,0.21722,0.00000,0.00000,0.00000,0.93953,0.93953,0.35243,0.00000,False,False,False,False,False,False,False,False,False,False,False,False,18.95337,1.48224,18.88160,20.71450,22.43550,False,False,True,True,0.00000,17.65942,4.90698,4.90698,0.65787,0.52222,0.65787,0.65787,0.65787,0.65787,0.65787,0.51931,0.79547,0.02731,0.03532,0.02731,0.80368,0.75847,0.91677,4.31965,False,False,False,False,False,True,False,True,False,False,True,True,264.53845,10.14600,10.14600,343.86719,12227.66211,11883.79492,0,0,
1SVZ_85,1SVZ_85.cif,KKPNLF,KKPNLF,238,0,238.00000,238.00000,6,0.00000,0.00000,0.00000,0.00000,0.00000,0.16667,0.00000,0.00000,0.00000,0.16667,0.00000,0.16667,0.00000,0.00000,0.00000,0.33333,0.00000,0.16667,0.00000,0.00000,0.00000,1.00000,0.00000,0.00000,20,2,2,0,0,0,0,-1,0,0,,,0,,0.00000,0,-1,0,0,,,0,,0.00000,0,-1,0,0,,,0,,0.00000,-1,0,0,,1-2,2,,10.00000,0,-1,0,0,,,0,,0.00000,0,-1,0,0,,,0,,0.00000,0,-1,0,0,,,0,,0.00000,0,-1,0,0,,,0,,0.00000,"ProtTrypx2(pos1-2,sev10)",0.00000,0.00000,0.00000,0.00000,0.10000,0.20000,0.35000,0.60000,0.85000,0.00000,0.00000,2.17025,2.17025,,,,True,False,False,True,0.00000,0.00000,100000.25000,100000.25000,0.00000,0.25549,0.00000,0.00000,0.00000,0.00000,0.00000,0.00000,0.25549,0.00000,0.00000,0.00000,0.82009,0.82009,0.28695,0.00000,False,False,False,False,False,False,False,False,False,False,False,False,18.41401,2.07594,18.38387,18.82027,20.31532,False,False,False,True,0.00000,18.65504,7.28681,7.28681,0.56347,0.51366,0.56347,0.56347,0.56347,0.56347,0.56347,0.51251,0.81690,0.01252,0.01252,0.01468,0.90192,0.83488,0.95699,6.32780,False,False,False,False,False,False,True,True,False,False,False,True,400.80502,17.22150,17.22150,414.86133,12109.95605,11695.09473,2,0,
1SVZ_86,1SVZ_86.cif,GNSYLD,GNSYLD,238,0,238.00000,238.00000,6,0.00000,0.16667,0.00000,0.00000,0.16667,0.00000,0.00000,0.00000,0.00000,0.16667,0.16667,0.16667,0.00000,0.00000,0.00000,0.00000,0.00000,0.00000,0.00000,0.16667,0.00000,1.00000,0.00000,0.00000,10,1,1,0,0,0,0,-1,0,0,,,0,,0.00000,0,-1,0,0,,,0,,0.00000,0,-1,0,0,,,0,,0.00000,-1,0,0,,,0,,0.00000,0,-1,0,0,,,0,,0.00000,0,-1,0,0,,,0,,0.00000,0,-1,0,0,,,0,,0.00000,0,2,2,10,,,0,,0.00000,"AspBridge(pos2,sev10)",0.00000,0.00000,0.00000,0.00000,0.10000,0.20000,0.20000,0.55000,0.90000,0.00000,0.00000,1.35321,1.35321,,,,True,False,True,True,0.00000,0.00000,100000.25000,100000.25000,0.00000,0.23707,0.00000,0.00000,0.00000,0.00000,0.00000,0.00000,0.23707,0.00000,0.00000,0.00000,0.95959,0.95959,0.33047,0.00000,False,False,False,False,False,False,False,False,False,False,False,False,19.41930,1.44588,19.38417,19.89946,21.63300,False,False,True,True,0.00000,18.55338,6.66012,6.66012,0.58051,0.51073,0.58051,0.58051,0.58051,0.58051,0.58051,0.50897,0.80946,0.01479,0.01735,0.01479,0.82867,0.80114,0.99054,6.73391,False,False,False,False,False,False,True,True,False,False,False,True,138.67770,12.59350,12.59350,320.97559,12086.13965,11765.16406,1,0,
1SVZ_87,1SVZ_87.cif,GRPPLT,GRPPLT,238,0,238.00000,238.00000,6,0.00000,0.16667,0.00000,0.00000,0.00000,0.33333,0.16667,0.00000,0.00000,0.00000,0.00000,0.16667,0.00000,0.00000,0.00000,0.00000,0.00000,0.00000,0.16667,0.00000,0.00000,1.00000,0.00000,0.00000,10,1,1,0,0,0,0,-1,0,0,,,0,,0.00000,0,-1,0,0,,,0,,0.00000,0,-1,0,0,,,0,,0.00000,2,1,10,,,0,,0.00000,0,-1,0,0,,,0,,0.00000,0,-1,0,0,,,0,,0.00000,0,-1,0,0,,,0,,0.00000,0,-1,0,0,,,0,,0.00000,"ProtTryp(pos2,sev10)",0.00000,0.00000,0.00000,0.00000,0.15000,0.20000,0.40000,0.65000,0.85000,0.00000,0.00000,1.77485,1.77485,,,,True,False,True,True,0.00000,0.00000,100000.25000,100000.25000,0.00000,0.23632,0.00000,0.00000,0.00000,0.00000,0.00000,0.00000,0.23632,0.00000,0.00000,0.00000,0.94378,0.94378,0.28930,0.00000,False,False,False,False,False,False,False,False,False,False,False,False,18.84265,1.70403,18.85104,17.80489,19.28269,False,False,True,True,0.00000,18.40679,7.08190,7.08190,0.57992,0.52042,0.57992,0.57992,0.57992,0.57992,0.57992,0.51945,0.83038,0.01516,0.01564,0.01516,0.85008,0.79707,0.91875,6.00056,False,False,False,False,False,False,True,True,False,False,False,True,325.79251,10.72450,10.72450,321.59082,12207.14258,11885.55176,2,1,
1SVZ_88,1SVZ_88.cif,ASLPFS,ASLPFS,238,0,238.00000,238.00000,6,0.00000,0.00000,0.16667,0.00000,0.33333,0.16667,0.00000,0.00000,0.00000,0.00000,0.00000,0.16667,0.00000,0.00000,0.00000,0.00000,0.00000,0.16667,0.00000,0.00000,0.00000,1.00000,0.00000,0.00000,5,1,0,1,0,0,0,-1,0,0,,,0,,0.00000,0,-1,0,0,,,0,,0.00000,0,-1,0,0,,,0,,0.00000,-1,0,0,,,0,,0.00000,0,-1,0,0,,,0,,0.00000,0,-1,0,0,,,0,,0.00000,0,1,1,5,,,0,,0.00000,0,-1,0,0,,,0,,0.00000,"DPP4(pos1,sev5)",0.00000,0.00000,0.00000,0.00000,0.05000,0.15000,0.25000,0.45000,0.80000,0.00000,0.00000,0.86768,0.86768,,,,True,False,True,True,0.00000,0.00000,100000.25000,100000.25000,0.00000,0.20767,0.00000,0.00000,0.00000,0.00000,0.00000,0.00000,0.20767,0.00000,0.00000,0.00000,0.83212,0.83212,0.41405,0.00000,False,False,False,False,False,False,False,False,False,False,False,False,18.74794,2.05023,18.75989,17.69394,18.90907,False,False,False,True,0.00000,17.84562,6.77714,6.77714,0.59434,0.52075,0.59434,0.59434,0.59434,0.59434,0.59434,0.51927,0.82668,0.01575,0.02523,0.01575,0.86644,0.82790,0.89732,6.24674,False,False,False,False,False,False,True,True,False,False,False,True,392.20569,19.40200,19.40200,253.40332,12260.26660,12006.86328,1,0,
1SVZ_89,1SVZ_89.cif,KKGPFE,KKGPFE,238,0,238.00000,238.00000,6,0.00000,0.16667,0.00000,0.00000,0.00000,0.16667,0.00000,0.00000,0.00000,0.00000,0.00000,0.00000,0.00000,0.00000,0.16667,0.33333,0.00000,0.16667,0.00000,0.00000,0.00000,1.00000,0.00000,0.00000,20,2,2,0,0,0,0,-1,0,0,,,0,,0.00000,0,-1,0,0,,,0,,0.00000,0,-1,0,0,,,0,,0.00000,-1,0,0,,1-2,2,,10.00000,0,-1,0,0,,,0,,0.00000,0,-1,0,0,,,0,,0.00000,0,-1,0,0,,,0,,0.00000,0,-1,0,0,,,0,,0.00000,"ProtTrypx2(pos1-2,sev10)",0.00000,0.00000,0.00000,0.00000,0.10000,0.25000,0.35000,0.50000,0.90000,0.00000,0.00000,2.48517,2.48517,,,,True,False,False,True,0.00000,0.00000,100000.25000,100000.25000,0.00000,0.20613,0.00000,0.00000,0.00000,0.00000,0.00000,0.00000,0.20613,0.00000,0.00000,0.00000,0.90224,0.90224,0.35466,0.00000,False,False,False,False,False,False,False,False,False,False,False,False,18.84082,1.64261,18.83096,18.55202,19.92854,False,False,True,True,0.00000,17.79074,4.58801,4.58801,0.66073,0.51580,0.66073,0.66073,0.66073,0.66073,0.66073,0.51264,0.80956,0.02651,0.03182,0.02651,0.82518,0.78499,0.94119,4.43447,False,False,False,False,False,True,True,True,False,False,True,True,276.73853,9.70100,9.70100,347.41699,11919.79102,11572.37402,1,0,
1SVZ_90,1SVZ_90.cif,DDPLPS,DDPLPS,238,0,238.00000,238.00000,6,0.00000,0.00000,0.00000,0.00000,0.16667,0.33333,0.00000,0.00000,0.00000,0.00000,0.33333,0.16667,0.00000,0.00000,0.00000,0.00000,0.00000,0.00000,0.00000,0.00000,0.00000,1.00000,0.00000,0.00000,10,1,1,0,0,0,0,-1,0,0,,,0,,0.00000,0,-1,0,0,,,0,,0.00000,0,2,2,10,,,0,,0.00000,-1,0,0,,,0,,0.00000,0,-1,0,0,,,0,,0.00000,0,-1,0,0,,,0,,0.00000,0,-1,0,0,,,0,,0.00000,0,-1,0,0,,,0,,0.00000,"AspCleave(pos2,sev10)",0.00000,0.00000,0.00000,0.00000,0.00000,0.10000,0.25000,0.65000,0.70000,0.00000,0.00000,1.74123,1.74123,,,,True,False,True,True,0.00000,0.00000,100000.25000,100000.25000,0.00000,0.22120,0.00000,0.00000,0.00000,0.00000,0.00000,0.00000,0.22120,0.00000,0.00000,0.00000,0.91139,0.91139,0.31880,0.00000,False,False,False,False,False,False,False,False,False,False,False,False,18.87210,1.89452,18.85187,19.17259,20.13576,False,False,True,True,0.00000,20.53918,10.06412,10.06412,0.46087,0.50418,0.46087,0.46087,0.46087,0.46087,0.46087,0.50569,0.78662,0.00538,0.00538,0.00760,0.85393,0.78982,0.98185,9.01735,False,False,False,False,False,False,False,True,False,False,False,False,291.66052,12.68250,12.68250,260.96484,11994.43848,11733.47363,0,0,
1SVZ_91,1SVZ_91.cif,GRPPLL,GRPPLL,238,0,238.00000,238.00000,6,0.00000,0.16667,0.00000,0.00000,0.00000,0.33333,0.00000,0.00000,0.00000,0.00000,0.00000,0.33333,0.00000,0.00000,0.00000,0.00000,0.00000,0.00000,0.16667,0.00000,0.00000,1.00000,0.00000,0.00000,10,1,1,0,0,0,0,-1,0,0,,,0,,0.00000,0,-1,0,0,,,0,,0.00000,0,-1,0,0,,,0,,0.00000,2,1,10,,,0,,0.00000,0,-1,0,0,,,0,,0.00000,0,-1,0,0,,,0,,0.00000,0,-1,0,0,,,0,,0.00000,0,-1,0,0,,,0,,0.00000,"ProtTryp(pos2,sev10)",0.00000,0.00000,0.00000,0.00000,0.10000,0.20000,0.35000,0.55000,0.80000,0.00000,0.00000,2.06578,2.06578,,,,True,False,False,True,0.00000,0.00000,100000.25000,100000.25000,0.00000,0.23892,0.00000,0.00000,0.00000,0.00000,0.00000,0.00000,0.23892,0.00000,0.00000,0.00000,0.96445,0.96445,0.27512,0.00000,False,False,False,False,False,False,False,False,False,False,False,False,19.40899,1.79077,19.35961,20.05439,22.52867,False,False,True,True,0.00000,17.79308,6.00200,6.00200,0.64243,0.51189,0.64243,0.64243,0.64243,0.64243,0.64243,0.50915,0.85834,0.02198,0.03768,0.02198,0.83272,0.79314,0.94919,5.42050,False,False,False,False,False,False,True,True,False,False,True,True,493.61505,18.42300,18.42300,346.44141,12094.29102,11747.84961,3,1,
1SVZ_92,1SVZ_92.cif,SGSYLF,SGSYLF,238,0,238.00000,238.00000,6,0.00000,0.16667,0.00000,0.00000,0.33333,0.00000,0.00000,0.00000,0.00000,0.00000,0.00000,0.16667,0.00000,0.00000,0.00000,0.00000,0.00000,0.16667,0.00000,0.16667,0.00000,0.50000,0.50000,0.00000,5,1,0,1,0,0,0,-1,0,0,,,0,,0.00000,0,-1,0,0,,,0,,0.00000,0,-1,0,0,,,0,,0.00000,-1,0,0,,,0,,0.00000,0,4,3,5,,,0,,0.00000,0,-1,0,0,,,0,,0.00000,0,-1,0,0,,,0,,0.00000,0,-1,0,0,,,0,,0.00000,"HydroPatch(pos4,sev5)",0.00000,0.00000,0.00000,0.00000,0.05000,0.15000,0.25000,0.50000,0.70000,0.00000,0.00000,2.12398,2.12398,,,,True,False,False,True,0.00000,0.00000,100000.25000,100000.25000,0.00000,0.21678,0.00000,0.00000,0.00000,0.00000,0.00000,0.00000,0.21678,0.00000,0.00000,0.00000,0.93165,0.93165,0.31203,0.00000,False,False,False,False,False,False,False,False,False,False,False,False,18.87593,2.10211,18.83996,19.48059,21.00406,False,False,False,True,0.00000,19.02434,8.56653,8.56653,0.55954,0.51628,0.55954,0.55954,0.55954,0.55954,0.55954,0.51517,0.82134,0.01133,0.01955,0.01133,0.78206,0.73522,0.95424,7.63665,False,False,False,False,False,False,True,True,False,False,False,True,313.76624,21.65470,21.65470,345.84375,11888.36035,11542.51660,0,0,
1SVZ_93,1SVZ_93.cif,GVPDIG,GVPDIG,238,0,238.00000,238.00000,6,0.00000,0.33333,0.00000,0.00000,0.00000,0.16667,0.00000,0.16667,0.16667,0.00000,0.16667,0.00000,0.00000,0.00000,0.00000,0.00000,0.00000,0.00000,0.00000,0.00000,0.00000,1.00000,0.00000,0.00000,0,0,0,0,0,0,0,-1,0,0,,,0,,0.00000,0,-1,0,0,,,0,,0.00000,0,-1,0,0,,,0,,0.00000,-1,0,0,,,0,,0.00000,0,-1,0,0,,,0,,0.00000,0,-1,0,0,,,0,,0.00000,0,-1,0,0,,,0,,0.00000,0,-1,0,0,,,0,,0.00000,,0.00000,0.00000,0.00000,0.00000,0.10000,0.25000,0.40000,0.55000,0.85000,0.00000,0.00000,2.06713,2.06713,,,,True,False,False,True,0.00000,0.00000,100000.25000,100000.25000,0.00000,0.22778,0.00000,0.00000,0.00000,0.00000,0.00000,0.00000,0.22778,0.00000,0.00000,0.00000,0.95402,0.95402,0.29544,0.00000,False,False,False,False,False,False,False,False,False,False,False,False,19.49580,1.95850,19.57779,15.52753,16.52187,False,False,True,True,0.00000,18.38585,7.46423,7.46423,0.55554,0.52071,0.55554,0.55554,0.55554,0.55554,0.55554,0.52020,0.85663,0.00941,0.00941,0.01315,0.83539,0.75474,0.93300,6.51027,False,False,False,False,False,False,True,True,False,False,False,True,360.88812,11.74800,11.74800,283.57910,12065.57422,11781.99512,1,0,
1SVZ_94,1SVZ_94.cif,GDGGFS,GDGGFS,238,0,238.00000,238.00000,6,0.00000,0.50000,0.00000,0.00000,0.16667,0.00000,0.00000,0.00000,0.00000,0.00000,0.16667,0.00000,0.00000,0.00000,0.00000,0.00000,0.00000,0.16667,0.00000,0.00000,0.00000,1.00000,0.00000,0.00000,10,1,1,0,0,0,0,-1,0,0,,,0,,0.00000,0,-1,0,0,,,0,,0.00000,0,2,2,10,,,0,,0.00000,-1,0,0,,,0,,0.00000,0,-1,0,0,,,0,,0.00000,0,-1,0,0,,,0,,0.00000,0,-1,0,0,,,0,,0.00000,0,-1,0,0,,,0,,0.00000,"AspCleave(pos2,sev10)",0.00000,0.00000,0.00000,0.00000,0.10000,0.20000,0.30000,0.70000,0.85000,0.00000,0.00000,1.80229,1.80229,,,,True,False,True,True,0.00000,0.00000,100000.25000,100000.25000,0.00000,0.21010,0.00000,0.00000,0.00000,0.00000,0.00000,0.00000,0.21010,0.00000,0.00000,0.00000,0.98510,0.98510,0.33312,0.00000,False,False,False,False,False,False,False,False,False,False,False,False,18.95977,2.04012,18.99165,16.95727,18.47836,False,False,False,True,0.00000,18.34821,5.88903,5.88903,0.61147,0.51904,0.61147,0.61147,0.61147,0.61147,0.61147,0.51720,0.78038,0.02015,0.02097,0.02015,0.79163,0.74227,0.92794,5.19544,False,False,False,False,False,False,False,True,False,False,True,True,179.90976,8.94450,8.94450,304.36914,12143.72852,11839.35938,3,1,
1SVZ_95,1SVZ_95.cif,KRPDID,KRPDID,238,0,238.00000,238.00000,6,0.00000,0.00000,0.00000,0.00000,0.00000,0.16667,0.00000,0.00000,0.16667,0.00000,0.33333,0.00000,0.00000,0.00000,0.00000,0.16667,0.00000,0.00000,0.16667,0.00000,0.00000,1.00000,0.00000,0.00000,20,2,2,0,0,0,0,-1,0,0,,,0,,0.00000,0,-1,0,0,,,0,,0.00000,0,-1,0,0,,,0,,0.00000,-1,0,0,,1-2,2,,10.00000,0,-1,0,0,,,0,,0.00000,0,-1,0,0,,,0,,0.00000,0,-1,0,0,,,0,,0.00000,0,-1,0,0,,,0,,0.00000,"ProtTrypx2(pos1-2,sev10)",0.00000,0.00000,0.00000,0.00000,0.05000,0.20000,0.30000,0.60000,0.85000,0.00000,0.00000,1.84644,1.84644,,,,True,False,True,True,0.00000,0.00000,100000.25000,100000.25000,0.00000,0.21916,0.00000,0.00000,0.00000,0.00000,0.00000,0.00000,0.21916,0.00000,0.00000,0.00000,0.78899,0.78899,0.33860,0.00000,False,False,False,False,False,False,False,False,False,False,False,False,17.18190,2.11001,17.05621,20.47058,22.56200,False,False,False,True,0.00000,19.13292,7.26044,7.26044,0.56015,0.50044,0.56015,0.56015,0.56015,0.56015,0.56015,0.49926,0.84079,0.01254,0.01254,0.01339,0.83805,0.76390,0.95031,6.54748,False,False,False,False,False,False,True,True,False,False,False,True,197.06180,7.47600,7.47600,421.45020,12083.65820,11662.20801,1,1,
1SVZ_96,1SVZ_96.cif,GRPPLE,GRPPLE,238,0,238.00000,238.00000,6,0.00000,0.16667,0.00000,0.00000,0.00000,0.33333,0.00000,0.00000,0.00000,0.00000,0.00000,0.16667,0.00000,0.00000,0.16667,0.00000,0.00000,0.00000,0.16667,0.00000,0.00000,1.00000,0.00000,0.00000,10,1,1,0,0,0,0,-1,0,0,,,0,,0.00000,0,-1,0,0,,,0,,0.00000,0,-1,0,0,,,0,,0.00000,2,1,10,,,0,,0.00000,0,-1,0,0,,,0,,0.00000,0,-1,0,0,,,0,,0.00000,0,-1,0,0,,,0,,0.00000,0,-1,0,0,,,0,,0.00000,"ProtTryp(pos2,sev10)",0.00000,0.00000,0.00000,0.00000,0.05000,0.20000,0.35000,0.75000,0.90000,0.00000,0.00000,1.24462,1.24462,,,,True,False,True,True,0.00000,0.00000,100000.25000,100000.25000,0.00000,0.23100,0.00000,0.00000,0.00000,0.00000,0.00000,0.00000,0.23100,0.00000,0.00000,0.00000,0.94423,0.94423,0.29467,0.00000,False,False,False,False,False,False,False,False,False,False,False,False,18.72724,1.68607,18.60658,21.79271,24.12485,False,False,True,True,0.00000,19.30672,7.20545,7.20545,0.55832,0.51427,0.55832,0.55832,0.55832,0.55832,0.55832,0.51363,0.81320,0.01303,0.01303,0.01354,0.83539,0.79278,0.94512,6.61792,False,False,False,False,False,False,True,True,False,False,False,True,326.53366,10.99150,10.99150,282.90137,11916.94629,11634.04492,0,0,
1SVZ_97,1SVZ_97.cif,DDPFYK,DDPFYK,238,0,238.00000,238.00000,6,0.00000,0.00000,0.00000,0.00000,0.00000,0.16667,0.00000,0.00000,0.00000,0.00000,0.33333,0.00000,0.00000,0.00000,0.00000,0.16667,0.00000,0.16667,0.00000,0.16667,0.00000,1.00000,0.00000,0.00000,10,1,1,0,0,0,0,-1,0,0,,,0,,0.00000,0,-1,0,0,,,0,,0.00000,0,2,2,10,,,0,,0.00000,-1,0,0,,,0,,0.00000,0,-1,0,0,,,0,,0.00000,0,-1,0,0,,,0,,0.00000,0,-1,0,0,,,0,,0.00000,0,-1,0,0,,,0,,0.00000,"AspCleave(pos2,sev10)",0.00000,0.00000,0.00000,0.00000,0.05000,0.15000,0.25000,0.50000,0.85000,0.00000,0.00000,2.46184,2.46184,,,,True,False,False,True,0.00000,0.00000,100000.25000,100000.25000,0.00000,0.25643,0.00000,0.00000,0.00000,0.00000,0.00000,0.00000,0.25643,0.00000,0.00000,0.00000,0.75891,0.75891,0.30715,0.00000,False,False,False,False,False,False,False,False,False,False,False,False,18.86226,2.26912,18.85328,18.71801,19.72767,False,False,False,True,0.00000,18.54154,6.81013,6.81013,0.54783,0.52832,0.54783,0.54783,0.54783,0.54783,0.54783,0.52824,0.85659,0.01537,0.01654,0.01537,0.80009,0.75494,0.88557,5.78312,False,False,False,False,False,False,True,True,False,False,False,True,285.73425,14.55150,14.55150,301.47070,11962.28418,11660.81348,0,0,
1SVZ_98,1SVZ_98.cif,SGGPFD,SGGPFD,238,0,238.00000,238.00000,6,0.00000,0.33333,0.00000,0.00000,0.16667,0.16667,0.00000,0.00000,0.00000,0.00000,0.16667,0.00000,0.00000,0.00000,0.00000,0.00000,0.00000,0.16667,0.00000,0.00000,0.00000,1.00000,0.00000,0.00000,0,0,0,0,0,0,0,-1,0,0,,,0,,0.00000,0,-1,0,0,,,0,,0.00000,0,-1,0,0,,,0,,0.00000,-1,0,0,,,0,,0.00000,0,-1,0,0,,,0,,0.00000,0,-1,0,0,,,0,,0.00000,0,-1,0,0,,,0,,0.00000,0,-1,0,0,,,0,,0.00000,,0.00000,0.00000,0.00000,0.00000,0.00000,0.25000,0.30000,0.60000,0.85000,0.00000,0.00000,3.09051,3.09051,,,,False,False,False,True,0.00000,0.00000,100000.25000,100000.25000,0.00000,0.20777,0.00000,0.00000,0.00000,0.00000,0.00000,0.00000,0.20777,0.00000,0.00000,0.00000,0.93593,0.93593,0.35853,0.00000,False,False,False,False,False,False,False,False,False,False,False,False,18.99820,2.18153,19.04652,16.50163,17.58270,False,False,False,True,0.00000,17.89779,6.24095,6.24095,0.60192,0.51913,0.60192,0.60192,0.60192,0.60192,0.60192,0.51757,0.80305,0.01597,0.01597,0.01814,0.81340,0.75263,0.91992,5.76230,False,False,False,False,False,False,True,True,False,False,True,True,264.27731,11.70350,11.70350,258.53027,12011.68164,11753.15137,0,0,
1SVZ_99,1SVZ_99.cif,SRPPLD,SRPPLD,238,0,238.00000,238.00000,6,0.00000,0.00000,0.00000,0.00000,0.16667,0.33333,0.00000,0.00000,0.00000,0.00000,0.16667,0.16667,0.00000,0.00000,0.00000,0.00000,0.00000,0.00000,0.16667,0.00000,0.00000,1.00000,0.00000,0.00000,10,1,1,0,0,0,0,-1,0,0,,,0,,0.00000,0,-1,0,0,,,0,,0.00000,0,-1,0,0,,,0,,0.00000,2,1,10,,,0,,0.00000,0,-1,0,0,,,0,,0.00000,0,-1,0,0,,,0,,0.00000,0,-1,0,0,,,0,,0.00000,0,-1,0,0,,,0,,0.00000,"ProtTryp(pos2,sev10)",0.00000,0.00000,0.00000,0.00000,0.05000,0.20000,0.30000,0.60000,0.90000,0.00000,0.00000,1.99413,1.99413,,,,True,False,True,True,0.00000,0.00000,100000.25000,100000.25000,0.00000,0.23804,0.00000,0.00000,0.00000,0.00000,0.00000,0.00000,0.23804,0.00000,0.00000,0.00000,0.85255,0.85255,0.28519,0.00000,False,False,False,False,False,False,False,False,False,False,False,False,19.24756,1.57789,19.21962,19.48888,21.18783,False,False,True,True,0.00000,17.98417,6.37167,6.37167,0.59458,0.53872,0.59458,0.59458,0.61697,0.59458,0.59458,0.53768,0.83621,0.01748,0.02249,0.01748,0.82843,0.76725,0.86831,5.47394,False,False,False,False,False,False,True,True,False,False,False,True,357.96033,10.81350,10.81350,328.00586,12009.94727,11681.94141,4,0,
