id,final_rank,designed_sequence,designed_chain_sequence,num_design,design_to_target_iptm,min_design_to_target_pae,design_ptm,filter_rmsd,designfolding-filter_rmsd,plip_hbonds_refolded,delta_sasa_refolded,design_largest_hydrophobic_patch_refolded,design_chain_hydrophobicity,design_hydrophobicity,loop,helix,sheet,file_name,num_prot_tokens,num_lig_atoms,num_resolved_tokens,num_tokens,UNK_fraction,GLY_fraction,ALA_fraction,CYS_fraction,SER_fraction,PRO_fraction,THR_fraction,VAL_fraction,ILE_fraction,ASN_fraction,ASP_fraction,LEU_fraction,MET_fraction,GLN_fraction,GLU_fraction,LYS_fraction,HIS_fraction,PHE_fraction,ARG_fraction,TYR_fraction,TRP_fraction,liability_score,liability_num_violations,liability_high_severity_violations,liability_medium_severity_violations,liability_low_severity_violations,liability_ProtTryp_count,liability_MetOx_count,liability_MetOx_position,liability_MetOx_length,liability_MetOx_severity,liability_MetOx_details,liability_MetOx_positions,liability_MetOx_num_positions,liability_MetOx_global_details,liability_MetOx_avg_severity,liability_NTCycl_count,liability_NTCycl_position,liability_NTCycl_length,liability_NTCycl_severity,liability_NTCycl_details,liability_NTCycl_positions,liability_NTCycl_num_positions,liability_NTCycl_global_details,liability_NTCycl_avg_severity,liability_AspCleave_count,liability_AspCleave_position,liability_AspCleave_length,liability_AspCleave_severity,liability_AspCleave_details,liability_AspCleave_positions,liability_AspCleave_num_positions,liability_AspCleave_global_details,liability_AspCleave_avg_severity,liability_ProtTryp_position,liability_ProtTryp_length,liability_ProtTryp_severity,liability_ProtTryp_details,liability_ProtTryp_positions,liability_ProtTryp_num_positions,liability_ProtTryp_global_details,liability_ProtTryp_avg_severity,liability_HydroPatch_count,liability_HydroPatch_position,liability_HydroPatch_length,liability_HydroPatch_severity,liability_HydroPatch_details,liability_HydroPatch_positions,liability_HydroPatch_num_positions,liability_HydroPatch_global_details,liability_HydroPatch_avg_severity,liability_TrpOx_count,liability_TrpOx_position,liability_TrpOx_length,liability_TrpOx_severity,liability_TrpOx_details,liability_TrpOx_positions,liability_TrpOx_num_positions,liability_TrpOx_global_details,liability_TrpOx_avg_severity,liability_DPP4_count,liability_DPP4_position,liability_DPP4_length,liability_DPP4_severity,liability_DPP4_details,liability_DPP4_positions,liability_DPP4_num_positions,liability_DPP4_global_details,liability_DPP4_avg_severity,liability_AspBridge_count,liability_AspBridge_position,liability_AspBridge_length,liability_AspBridge_severity,liability_AspBridge_details,liability_AspBridge_positions,liability_AspBridge_num_positions,liability_AspBridge_global_details,liability_AspBridge_avg_severity,liability_violations_summary,native_rmsd,native_rmsd_bb,bindsite_under_3rmsd,bindsite_under_4rmsd,bindsite_under_5rmsd,bindsite_under_6rmsd,bindsite_under_7rmsd,bindsite_under_8rmsd,bindsite_under_9rmsd,native_rmsd_refolded,native_rmsd_bb_refolded,designfolding-bb_rmsd,designfolding-bb_rmsd_design,designfolding-bb_rmsd_target,designfolding-bb_rmsd_design_target,designfolding-bb_target_aligned_rmsd_design,designfolding-bb_rmsd<2.5,designfolding-bb_target_aligned<2.5,designfolding-bb_designability_rmsd_2,designfolding-bb_designability_rmsd_4,designfolding-ligand_iptm,designfolding-interaction_pae,designfolding-min_interaction_pae,designfolding-min_design_to_target_pae,designfolding-iptm,designfolding-ptm,designfolding-protein_iptm,designfolding-design_iptm,designfolding-design_iiptm,designfolding-design_to_target_iptm,designfolding-design_residue_iptm,designfolding-target_ptm,designfolding-design_ptm,designfolding-design_ipsae_min,designfolding-design_to_target_ipsae,designfolding-target_to_design_ipsae,designfolding-complex_plddt,designfolding-complex_iplddt,designfolding-complex_pde,designfolding-complex_ipde,designfolding-min_interaction_pae<1.5,designfolding-min_interaction_pae<2,designfolding-min_interaction_pae<2.5,designfolding-min_interaction_pae<3,designfolding-min_interaction_pae<4,designfolding-min_interaction_pae<5,designfolding-design_ptm>80,designfolding-design_ptm>75,designfolding-design_iptm>80,designfolding-design_iptm>70,designfolding-design_iptm>60,designfolding-design_iptm>50,bb_rmsd,bb_rmsd_design,bb_rmsd_target,bb_rmsd_design_target,bb_target_aligned_rmsd_design,bb_rmsd<2.5,bb_target_aligned<2.5,bb_designability_rmsd_2,bb_designability_rmsd_4,ligand_iptm,interaction_pae,min_interaction_pae,iptm,ptm,protein_iptm,design_iptm,design_iiptm,design_residue_iptm,target_ptm,design_ipsae_min,design_to_target_ipsae,target_to_design_ipsae,complex_plddt,complex_iplddt,complex_pde,complex_ipde,min_interaction_pae<1.5,min_interaction_pae<2,min_interaction_pae<2.5,min_interaction_pae<3,min_interaction_pae<4,min_interaction_pae<5,design_ptm>80,design_ptm>75,design_iptm>80,design_iptm>70,design_iptm>60,design_iptm>50,design_sasa_unbound_refolded,design_sasa_bound_refolded,plip_saltbridge_refolded,liability_details,filter_rmsd_design,neg_min_design_to_target_pae,neg_design_hydrophobicity,neg_design_largest_hydrophobic_patch_refolded,neg_min_interaction_pae,neg_filter_rmsd,neg_filter_rmsd_design,has_x,num_filters_passed,pass_has_x_filter,pass_filters,pass_filter_rmsd_filter,pass_filter_rmsd_design_filter,pass_designfolding-filter_rmsd_filter,pass_ALA_fraction_filter,pass_GLY_fraction_filter,pass_GLU_fraction_filter,pass_LEU_fraction_filter,pass_VAL_fraction_filter,design_iiptm_z,design_ptm_z,min_design_to_target_pae_z,design_hydrophobicity_z,design_largest_hydrophobic_patch_refolded_z,delta_sasa_refolded_z,plip_saltbridge_refolded_z,plip_hbonds_refolded_z,absolute_score,structure_confidence,rank_design_to_target_iptm,rank_design_ptm,rank_neg_min_design_to_target_pae,rank_plip_hbonds_refolded,rank_plip_saltbridge_refolded,rank_delta_sasa_refolded,max_rank,secondary_rank,quality_score
1SVZ_20,1,SRRPPF,SRRPPF,6,0.71969,4.19071,0.84388,19.28808,1.414,1,420.52344,364.05399,10.858,10.858,1.0,0.0,0.0,1SVZ_20.cif,238,0,238.0,238.0,0.0,0.0,0.0,0.0,0.16667,0.33333,0.0,0.0,0.0,0.0,0.0,0.0,0.0,0.0,0.0,0.0,0.0,0.16667,0.33333,0.0,0.0,20,2,2,0,0,0,0,-1,0,0,,,0,,0.0,0,-1,0,0,,,0,,0.0,0,-1,0,0,,,0,,0.0,-1,0,0,,2-3,2,,10.0,0,-1,0,0,,,0,,0.0,0,-1,0,0,,,0,,0.0,0,-1,0,0,,,0,,0.0,0,-1,0,0,,,0,,0.0,"ProtTrypx2(pos2-3,sev10)",0.0,0.0,0.0,0.0,0.1,0.25,0.4,0.65,0.8,0.0,0.0,1.414,1.414,,,,True,False,True,True,0.0,0.0,100000.25,100000.25,0.0,0.19802,0.0,0.0,0.0,0.0,0.0,0.0,0.19802,0.0,0.0,0.0,0.91125,0.91125,0.36482,0.0,False,False,False,False,False,False,False,False,False,False,False,False,19.28808,1.39913,19.33992,16.55839,17.82632,False,False,True,True,0.0,16.01822,4.19071,0.71969,0.52794,0.71969,0.71969,0.71969,0.71969,0.52568,0.04139,0.08474,0.04139,0.82656,0.77919,0.88251,3.4945,False,False,False,False,False,True,True,True,False,True,True,True,11983.75781,11563.23438,1,,1.39913,-4.19071,-10.858,-364.05399,-4.19071,-19.28808,-1.39913,False,1,True,False,False,True,True,True,True,True,True,True,3.1712240924766535,4.507571599674326,-1.1579240454948496,-4.375055380276236,-0.5556637360444207,-1.842089517213916,-0.3894733852049158,-1.3686429192793437,0.12563410876269285,2.633173575123467,1.0,7.0,2.0,17.0,1.5,1.5,17.0,1,1.0
1SVZ_91,2,GRPPLL,GRPPLL,6,0.64243,6.002,0.85834,19.40899,2.06578,3,346.44141,493.61505,18.423,18.423,1.0,0.0,0.0,1SVZ_91.cif,238,0,238.0,238.0,0.0,0.16667,0.0,0.0,0.0,0.33333,0.0,0.0,0.0,0.0,0.0,0.33333,0.0,0.0,0.0,0.0,0.0,0.0,0.16667,0.0,0.0,10,1,1,0,0,0,0,-1,0,0,,,0,,0.0,0,-1,0,0,,,0,,0.0,0,-1,0,0,,,0,,0.0,2,1,10,,,0,,0.0,0,-1,0,0,,,0,,0.0,0,-1,0,0,,,0,,0.0,0,-1,0,0,,,0,,0.0,0,-1,0,0,,,0,,0.0,"ProtTryp(pos2,sev10)",0.0,0.0,0.0,0.0,0.1,0.2,0.35,0.55,0.8,0.0,0.0,2.06578,2.06578,,,,True,False,False,True,0.0,0.0,100000.25,100000.25,0.0,0.23892,0.0,0.0,0.0,0.0,0.0,0.0,0.23892,0.0,0.0,0.0,0.96445,0.96445,0.27512,0.0,False,False,False,False,False,False,False,False,False,False,False,False,19.40899,1.79077,19.35961,20.05439,22.52867,False,False,True,True,0.0,17.79308,6.002,0.64243,0.51189,0.64243,0.64243,0.64243,0.64243,0.50915,0.02198,0.03768,0.02198,0.83272,0.79314,0.94919,5.4205,False,False,False,False,False,False,True,True,False,False,True,True,12094.29102,11747.84961,1,,1.79077,-6.002,-18.423,-493.61505,-6.002,-19.40899,-1.79077,False,1,True,False,False,True,True,True,True,True,False,True,2.4438654157096353,4.8524700805758,-0.6892104575510731,-3.375150726717367,-0.26142074038701624,-1.9859779839933949,-0.3894733852049158,-0.919885955436252,0.10341459769726749,2.223724365419444,10.0,1.0,17.0,3.5,1.5,12.0,17.0,1,0.9882352941176471
1SVZ_15,3,SRYRPL,SRYRPL,6,0.61853,6.16778,0.82801,19.34511,1.68535,2,463.67676,231.0981,12.8605,12.8605,1.0,0.0,0.0,1SVZ_15.cif,238,0,238.0,238.0,0.0,0.0,0.0,0.0,0.16667,0.16667,0.0,0.0,0.0,0.0,0.0,0.16667,0.0,0.0,0.0,0.0,0.0,0.0,0.33333,0.16667,0.0,20,2,2,0,0,0,0,-1,0,0,,,0,,0.0,0,-1,0,0,,,0,,0.0,0,-1,0,0,,,0,,0.0,-1,0,0,,2-4,2,,10.0,0,-1,0,0,,,0,,0.0,0,-1,0,0,,,0,,0.0,0,-1,0,0,,,0,,0.0,0,-1,0,0,,,0,,0.0,"ProtTrypx2(pos2-4,sev10)",0.0,0.0,0.0,0.05,0.15,0.25,0.4,0.6,0.8,0.0,0.0,1.68535,1.68535,,,,True,False,True,True,0.0,0.0,100000.25,100000.25,0.0,0.22356,0.0,0.0,0.0,0.0,0.0,0.0,0.22356,0.0,0.0,0.0,0.87226,0.87226,0.32042,0.0,False,False,False,False,False,False,False,False,False,False,False,False,19.34511,1.28977,19.39303,16.75868,18.08537,False,False,True,True,0.0,17.5716,6.16778,0.61853,0.52949,0.61853,0.61853,0.61853,0.61853,0.5276,0.01985,0.03938,0.01985,0.81073,0.74987,0.90831,5.20081,False,False,False,False,False,False,True,True,False,False,True,True,12054.69238,11591.01562,2,,1.28977,-6.16778,-12.8605,-231.0981,-6.16778,-19.34511,-1.28977,False,1,True,False,False,True,True,True,True,True,True,True,2.218860595948677,4.129041939099889,-0.646311010963658,-4.110374736687123,-0.857616648160888,-1.7582734412877534,0.13196424064121373,-1.144264437357798,0.09710424888101928,1.971877030584912,13.0,21.0,19.0,8.5,0.5,0.5,21.0,2,0.9764705882352941
1SVZ_21,4,SRYPPL,SRYPPL,6,0.60324,5.97478,0.84162,19.47732,1.87287,2,360.78516,343.44821,14.952,14.952,1.0,0.0,0.0,1SVZ_21.cif,238,0,238.0,238.0,0.0,0.0,0.0,0.0,0.16667,0.33333,0.0,0.0,0.0,0.0,0.0,0.16667,0.0,0.0,0.0,0.0,0.0,0.0,0.16667,0.16667,0.0,10,1,1,0,0,0,0,-1,0,0,,,0,,0.0,0,-1,0,0,,,0,,0.0,0,-1,0,0,,,0,,0.0,2,1,10,,,0,,0.0,0,-1,0,0,,,0,,0.0,0,-1,0,0,,,0,,0.0,0,-1,0,0,,,0,,0.0,0,-1,0,0,,,0,,0.0,"ProtTryp(pos2,sev10)",0.0,0.0,0.0,0.0,0.1,0.25,0.45,0.6,0.75,0.0,0.0,1.87287,1.87287,,,,True,False,True,True,0.0,0.0,100000.25,100000.25,0.0,0.19671,0.0,0.0,0.0,0.0,0.0,0.0,0.19671,0.0,0.0,0.0,0.8923,0.8923,0.37699,0.0,False,False,False,False,False,False,False,False,False,False,False,False,19.47732,2.29052,19.4614,19.19365,21.096,False,False,False,True,0.0,17.95194,5.97478,0.60324,0.5254,0.60324,0.60324,0.60324,0.60324,0.52384,0.01926,0.02817,0.01926,0.83861,0.78982,0.88683,4.96145,False,False,False,False,False,False,True,True,False,False,True,True,11979.24805,11618.46289,1,,2.29052,-5.97478,-14.952,-343.44821,-5.97478,-19.47732,-2.29052,False,1,True,False,False,True,True,True,True,True,True,True,2.0749139978672932,4.453666304595674,-0.696254268240598,-3.833930508938495,-0.6024610255622544,-1.958118323622747,-0.3894733852049158,-1.144264437357798,0.09342582784698536,1.9992005673622917,21.0,10.0,16.0,8.5,1.5,7.0,21.0,2,0.9647058823529412
1SVZ_00,5,STRPPL,STRPPL,6,0.60312,6.5028,0.83741,18.72559,1.48027,2,339.81836,382.05743,10.947,10.947,1.0,0.0,0.0,1SVZ_00.cif,238,0,238.0,238.0,0.0,0.0,0.0,0.0,0.16667,0.33333,0.16667,0.0,0.0,0.0,0.0,0.16667,0.0,0.0,0.0,0.0,0.0,0.0,0.16667,0.0,0.0,10,1,1,0,0,0,0,-1,0,0,,,0,,0.0,0,-1,0,0,,,0,,0.0,0,-1,0,0,,,0,,0.0,3,1,10,,,0,,0.0,0,-1,0,0,,,0,,0.0,0,-1,0,0,,,0,,0.0,0,-1,0,0,,,0,,0.0,0,-1,0,0,,,0,,0.0,"ProtTryp(pos3,sev10)",0.0,0.0,0.0,0.0,0.1,0.25,0.45,0.65,0.8,0.0,0.0,1.48027,1.48027,,,,True,False,True,True,0.0,0.0,100000.25,100000.25,0.0,0.22901,0.0,0.0,0.0,0.0,0.0,0.0,0.22901,0.0,0.0,0.0,0.93894,0.93894,0.30228,0.0,False,False,False,False,False,False,False,False,False,False,False,False,18.72559,1.74763,18.77795,16.15945,17.011,False,False,True,True,0.0,17.62478,6.5028,0.60312,0.52206,0.60312,0.60312,0.60312,0.60312,0.52035,0.01726,0.03504,0.01726,0.83196,0.77944,0.91515,5.65213,False,False,False,False,False,False,True,True,False,False,True,True,12181.8457,11842.02734,0,,1.74763,-6.5028,-10.947,-382.05743,-6.5028,-18.72559,-1.74763,False,1,True,False,False,True,True,True,True,True,True,True,2.0737842665546857,4.353249803586323,-0.5596167619847954,-4.3632917961167195,-0.5147765580779982,-1.9988418392347245,-0.9109110110510453,-1.144264437357798,0.08794327495816996,1.924010372133057,22.0,14.0,24.0,8.5,8.0,16.0,24.0,3,0.9529411764705882
1SVZ_99,6,SRPPLD,SRPPLD,6,0.59458,6.37167,0.83621,19.24756,1.99413,4,328.00586,357.96033,10.8135,10.8135,1.0,0.0,0.0,1SVZ_99.cif,238,0,238.0,238.0,0.0,0.0,0.0,0.0,0.16667,0.33333,0.0,0.0,0.0,0.0,0.16667,0.16667,0.0,0.0,0.0,0.0,0.0,0.0,0.16667,0.0,0.0,10,1,1,0,0,0,0,-1,0,0,,,0,,0.0,0,-1,0,0,,,0,,0.0,0,-1,0,0,,,0,,0.0,2,1,10,,,0,,0.0,0,-1,0,0,,,0,,0.0,0,-1,0,0,,,0,,0.0,0,-1,0,0,,,0,,0.0,0,-1,0,0,,,0,,0.0,"ProtTryp(pos2,sev10)",0.0,0.0,0.0,0.0,0.05,0.2,0.3,0.6,0.9,0.0,0.0,1.99413,1.99413,,,,True,False,True,True,0.0,0.0,100000.25,100000.25,0.0,0.23804,0.0,0.0,0.0,0.0,0.0,0.0,0.23804,0.0,0.0,0.0,0.85255,0.85255,0.28519,0.0,False,False,False,False,False,False,False,False,False,False,False,False,19.24756,1.57789,19.21962,19.48888,21.18783,False,False,True,True,0.0,17.98417,6.37167,0.59458,0.53872,0.59458,0.59458,0.61697,0.59458,0.53768,0.01748,0.02249,0.01748,0.82843,0.76725,0.86831,5.47394,False,False,False,False,False,False,True,True,False,False,False,True,12009.94727,11681.94141,0,,1.57789,-6.37167,-10.8135,-357.96033,-6.37167,-19.24756,-1.57789,False,1,True,False,False,True,True,True,True,True,True,True,2.204174088884782,4.3246275230135875,-0.5935497118642002,-4.380937172355994,-0.5695029001645483,-2.0217850889517286,-0.9109110110510453,-0.695507473514706,0.09325431344170321,1.98401502490231,27.0,16.0,23.0,2.0,8.0,19.0,27.0,4,0.9411764705882353
1SVZ_03,7,SRPPFD,SRPPFD,6,0.69022,4.3466,0.82644,19.71781,1.26107,0,345.74121,343.33966,11.7035,11.7035,1.0,0.0,0.0,1SVZ_03.cif,238,0,238.0,238.0,0.0,0.0,0.0,0.0,0.16667,0.33333,0.0,0.0,0.0,0.0,0.16667,0.0,0.0,0.0,0.0,0.0,0.0,0.16667,0.16667,0.0,0.0,10,1,1,0,0,0,0,-1,0,0,,,0,,0.0,0,-1,0,0,,,0,,0.0,0,-1,0,0,,,0,,0.0,2,1,10,,,0,,0.0,0,-1,0,0,,,0,,0.0,0,-1,0,0,,,0,,0.0,0,-1,0,0,,,0,,0.0,0,-1,0,0,,,0,,0.0,"ProtTryp(pos2,sev10)",0.0,0.0,0.0,0.0,0.05,0.2,0.3,0.35,0.75,0.0,0.0,1.26107,1.26107,,,,True,False,True,True,0.0,0.0,100000.25,100000.25,0.0,0.20762,0.0,0.0,0.0,0.0,0.0,0.0,0.20762,0.0,0.0,0.0,0.84833,0.84833,0.34352,0.0,False,False,False,False,False,False,False,False,False,False,False,False,19.71781,1.01714,19.63439,21.26684,24.37312,False,False,True,True,0.0,16.79035,4.3466,0.69022,0.52357,0.69022,0.69022,0.69022,0.69022,0.52177,0.03405,0.08011,0.03405,0.8465,0.80491,0.87875,4.03849,False,False,False,False,False,True,True,True,False,False,True,True,12070.2041,11724.46289,0,,1.01714,-4.3466,-11.7035,-343.33966,-4.3466,-19.71781,-1.01714,False,1,True,False,False,True,True,True,True,True,True,True,2.893780910955503,4.091594455350558,-1.1175838673761855,-4.263301330760832,-0.6027075508467699,-1.987337972433763,-0.9109110110510453,-1.5930214012008896,0.11060026286184405,2.4228648024027875,3.0,23.0,3.0,27.5,8.0,13.0,27.5,5,0.9294117647058824
1SVZ_30,8,SRYPPF,SRYPPF,6,0.59768,6.72437,0.82869,18.72744,2.37154,1,388.41992,406.62146,16.376,16.376,1.0,0.0,0.0,1SVZ_30.cif,238,0,238.0,238.0,0.0,0.0,0.0,0.0,0.16667,0.33333,0.0,0.0,0.0,0.0,0.0,0.0,0.0,0.0,0.0,0.0,0.0,0.16667,0.16667,0.16667,0.0,10,1,1,0,0,0,0,-1,0,0,,,0,,0.0,0,-1,0,0,,,0,,0.0,0,-1,0,0,,,0,,0.0,2,1,10,,,0,,0.0,0,-1,0,0,,,0,,0.0,0,-1,0,0,,,0,,0.0,0,-1,0,0,,,0,,0.0,0,-1,0,0,,,0,,0.0,"ProtTryp(pos2,sev10)",0.0,0.0,0.0,0.0,0.1,0.2,0.4,0.65,0.85,0.0,0.0,2.37154,2.37154,,,,True,False,False,True,0.0,0.0,100000.25,100000.25,0.0,0.21039,0.0,0.0,0.0,0.0,0.0,0.0,0.21039,0.0,0.0,0.0,0.94177,0.94177,0.35669,0.0,False,False,False,False,False,False,False,False,False,False,False,False,18.72744,1.91377,18.70103,18.94464,20.56882,False,False,True,True,0.0,17.9293,6.72437,0.59768,0.52705,0.59768,0.59768,0.59768,0.59768,0.52553,0.01782,0.01874,0.01782,0.85589,0.80619,0.9074,5.84684,False,False,False,False,False,False,True,True,False,False,False,True,12199.95117,11811.53125,1,,1.91377,-6.72437,-16.376,-406.62146,-6.72437,-18.72744,-1.91377,False,1,True,False,False,True,True,True,True,True,True,True,2.022569780383154,4.14526123142444,-0.5022803499907452,-3.6457131623862367,-0.45898978254051526,-1.9044437247190873,-0.3894733852049158,-1.3686429192793437,0.08370951943213212,1.8389922984344476,26.0,19.0,29.0,17.0,1.5,4.0,29.0,6,0.9176470588235294
1SVZ_82,9,GRPPLG,GRPPLG,6,0.59283,6.70733,0.84157,18.1597,1.83497,1,283.93457,377.32779,9.8345,9.8345,1.0,0.0,0.0,1SVZ_82.cif,238,0,238.0,238.0,0.0,0.33333,0.0,0.0,0.0,0.33333,0.0,0.0,0.0,0.0,0.0,0.16667,0.0,0.0,0.0,0.0,0.0,0.0,0.16667,0.0,0.0,10,1,1,0,0,0,0,-1,0,0,,,0,,0.0,0,-1,0,0,,,0,,0.0,0,-1,0,0,,,0,,0.0,2,1,10,,,0,,0.0,0,-1,0,0,,,0,,0.0,0,-1,0,0,,,0,,0.0,0,-1,0,0,,,0,,0.0,0,-1,0,0,,,0,,0.0,"ProtTryp(pos2,sev10)",0.0,0.0,0.0,0.0,0.1,0.25,0.4,0.55,0.85,0.0,0.0,1.83497,1.83497,,,,True,False,True,True,0.0,0.0,100000.25,100000.25,0.0,0.23879,0.0,0.0,0.0,0.0,0.0,0.0,0.23879,0.0,0.0,0.0,0.92314,0.92314,0.27697,0.0,False,False,False,False,False,False,False,False,False,False,False,False,18.1597,1.8306,18.16185,17.6093,18.56197,False,False,True,True,0.0,18.30244,6.70733,0.59283,0.51753,0.59283,0.59283,0.59283,0.59283,0.51603,0.01658,0.02368,0.01658,0.86244,0.80488,0.92462,5.67121,False,False,False,False,False,False,True,True,False,False,False,True,11871.47949,11587.54492,1,,1.8306,-6.70733,-9.8345,-377.32779,-6.70733,-18.1597,-1.8306,False,1,True,False,False,True,True,True,False,True,True,True,1.9769098064986075,4.4524737095718105,-0.5066898479389271,-4.510336598110671,-0.5255179293046699,-2.107384124873042,-0.3894733852049158,-1.3686429192793437,0.08728519733420192,1.8839346036893758,29.0,11.0,28.0,17.0,1.5,31.5,31.5,7,0.9058823529411765
1SVZ_70,10,GSPPFT,GSPPFT,6,0.62295,5.12988,0.81666,18.90989,2.18803,1,347.93066,310.99783,12.5045,12.5045,1.0,0.0,0.0,1SVZ_70.cif,238,0,238.0,238.0,0.0,0.16667,0.0,0.0,0.16667,0.33333,0.16667,0.0,0.0,0.0,0.0,0.0,0.0,0.0,0.0,0.0,0.0,0.16667,0.0,0.0,0.0,0,0,0,0,0,0,0,-1,0,0,,,0,,0.0,0,-1,0,0,,,0,,0.0,0,-1,0,0,,,0,,0.0,-1,0,0,,,0,,0.0,0,-1,0,0,,,0,,0.0,0,-1,0,0,,,0,,0.0,0,-1,0,0,,,0,,0.0,0,-1,0,0,,,0,,0.0,,0.0,0.0,0.0,0.05,0.15,0.2,0.35,0.6,0.9,0.0,0.0,2.18803,2.18803,,,,True,False,False,True,0.0,0.0,100000.25,100000.25,0.0,0.2015,0.0,0.0,0.0,0.0,0.0,0.0,0.2015,0.0,0.0,0.0,0.954,0.954,0.37136,0.0,False,False,False,False,False,False,False,False,False,False,False,False,18.90989,0.93507,18.93784,17.22866,18.40296,False,False,True,True,0.0,17.52597,5.12988,0.62295,0.51054,0.62295,0.62295,0.62295,0.62295,0.50786,0.02097,0.03403,0.02097,0.85174,0.81041,0.92879,5.41627,False,False,False,False,False,False,True,True,False,False,True,True,12108.67969,11760.74902,0,,0.93507,-5.12988,-12.5045,-310.99783,-5.12988,-18.90989,-0.93507,False,1,True,False,False,True,True,True,True,True,True,True,2.2604723659630466,3.858322868682759,-0.9148918748379384,-4.157429073325187,-0.6761583002018808,-1.9830854350290734,-0.9109110110510453,-1.3686429192793437,0.0927356858308145,2.0418102700569456,12.0,33.0,10.0,17.0,8.0,10.5,33.0,8,0.8941176470588236
1SVZ_39,11,STKPPF,STKPPF,6,0.70377,4.5323,0.8142,18.64496,1.95542,0,313.23242,377.25906,11.7925,11.7925,1.0,0.0,0.0,1SVZ_39.cif,238,0,238.0,238.0,0.0,0.0,0.0,0.0,0.16667,0.33333,0.16667,0.0,0.0,0.0,0.0,0.0,0.0,0.0,0.0,0.16667,0.0,0.16667,0.0,0.0,0.0,10,1,1,0,0,0,0,-1,0,0,,,0,,0.0,0,-1,0,0,,,0,,0.0,0,-1,0,0,,,0,,0.0,3,1,10,,,0,,0.0,0,-1,0,0,,,0,,0.0,0,-1,0,0,,,0,,0.0,0,-1,0,0,,,0,,0.0,0,-1,0,0,,,0,,0.0,"ProtTryp(pos3,sev10)",0.0,0.0,0.0,0.0,0.1,0.25,0.4,0.6,0.8,0.0,0.0,1.95542,1.95542,,,,True,False,True,True,0.0,0.0,100000.25,100000.25,0.0,0.21194,0.0,0.0,0.0,0.0,0.0,0.0,0.21194,0.0,0.0,0.0,0.93185,0.93185,0.32983,0.0,False,False,False,False,False,False,False,False,False,False,False,False,18.64496,0.93682,18.72556,14.76509,15.67079,False,False,True,True,0.0,16.79076,4.5323,0.70377,0.53102,0.70377,0.70377,0.70377,0.70377,0.52748,0.03412,0.04624,0.03412,0.8823,0.84401,0.90505,4.22322,False,False,False,False,False,True,True,True,False,True,True,True,11916.6377,11603.40527,0,,0.93682,-4.5323,-11.7925,-377.25906,-4.5323,-18.64496,-0.93682,False,1,True,False,False,True,True,True,True,True,True,True,3.0213464050040812,3.799647193508649,-1.0695296555817408,-4.251537746601317,-0.5256740203484722,-2.0504793300606536,-0.9109110110510453,-1.5930214012008896,0.1087042794654614,2.396279862936059,2.0,34.0,4.0,27.5,8.0,23.5,34.0,9,0.8823529411764706
1SVZ_09,12,SSVPPW,SSVPPW,6,0.66941,4.99151,0.82852,18.47503,1.79864,5,268.78613,513.31799,18.6455,18.6455,1.0,0.0,0.0,1SVZ_09.cif,238,0,238.0,238.0,0.0,0.0,0.0,0.0,0.33333,0.33333,0.0,0.16667,0.0,0.0,0.0,0.0,0.0,0.0,0.0,0.0,0.0,0.0,0.0,0.0,0.16667,10,1,1,0,0,0,0,-1,0,0,,,0,,0.0,0,-1,0,0,,,0,,0.0,0,-1,0,0,,,0,,0.0,-1,0,0,,,0,,0.0,0,-1,0,0,,,0,,0.0,0,6,1,10,,,0,,0.0,0,-1,0,0,,,0,,0.0,0,-1,0,0,,,0,,0.0,"TrpOx(pos6,sev10)",0.0,0.0,0.0,0.05,0.1,0.25,0.35,0.65,0.8,0.0,0.0,1.79864,1.79864,,,,True,False,True,True,0.0,0.0,100000.25,100000.25,0.0,0.20395,0.0,0.0,0.0,0.0,0.0,0.0,0.20395,0.0,0.0,0.0,0.75575,0.75575,0.38929,0.0,False,False,False,False,False,False,False,False,False,False,False,False,18.47503,1.94875,18.43348,19.20193,20.89654,False,False,True,True,0.0,17.16609,4.99151,0.66941,0.53091,0.66941,0.66941,0.66941,0.66941,0.52846,0.02809,0.04518,0.02809,0.88957,0.86367,0.92971,5.30018,False,False,False,False,False,True,True,True,False,False,True,True,11913.65332,11644.86719,0,,1.94875,-4.99151,-18.6455,-513.31799,-4.99151,-18.47503,-1.94875,False,1,True,False,False,True,True,True,True,True,True,True,2.697866672494183,4.141206408343303,-0.9506983437986131,-3.3457417663185764,-0.21667386899789587,-2.13680672311584,-0.9109110110510453,-0.47112899159316013,0.10527712119729238,2.287667288185779,4.0,20.0,9.0,1.0,8.0,37.0,37.0,10,0.8705882352941177
1SVZ_89,13,KKGPFE,KKGPFE,6,0.66073,4.58801,0.80956,18.84082,2.48517,1,347.41699,276.73853,9.701,9.701,1.0,0.0,0.0,1SVZ_89.cif,238,0,238.0,238.0,0.0,0.16667,0.0,0.0,0.0,0.16667,0.0,0.0,0.0,0.0,0.0,0.0,0.0,0.0,0.16667,0.33333,0.0,0.16667,0.0,0.0,0.0,20,2,2,0,0,0,0,-1,0,0,,,0,,0.0,0,-1,0,0,,,0,,0.0,0,-1,0,0,,,0,,0.0,-1,0,0,,1-2,2,,10.0,0,-1,0,0,,,0,,0.0,0,-1,0,0,,,0,,0.0,0,-1,0,0,,,0,,0.0,0,-1,0,0,,,0,,0.0,"ProtTrypx2(pos1-2,sev10)",0.0,0.0,0.0,0.0,0.1,0.25,0.35,0.5,0.9,0.0,0.0,2.48517,2.48517,,,,True,False,False,True,0.0,0.0,100000.25,100000.25,0.0,0.20613,0.0,0.0,0.0,0.0,0.0,0.0,0.20613,0.0,0.0,0.0,0.90224,0.90224,0.35466,0.0,False,False,False,False,False,False,False,False,False,False,False,False,18.84082,1.64261,18.83096,18.55202,19.92854,False,False,True,True,0.0,17.79074,4.58801,0.66073,0.5158,0.66073,0.66073,0.66073,0.66073,0.51264,0.02651,0.03182,0.02651,0.82518,0.78499,0.94119,4.43447,False,False,False,False,False,True,True,True,False,False,True,True,11919.79102,11572.37402,0,,1.64261,-4.58801,-9.701,-276.73853,-4.58801,-18.84082,-1.64261,False,1,True,False,False,True,True,True,True,True,True,True,2.6161494408822534,3.6889743752940665,-1.0551133920434077,-4.527981974349944,-0.753963769384718,-1.9840831289196246,-0.9109110110510453,-1.3686429192793437,0.10206831976043068,2.2063000082290776,5.0,37.0,5.0,17.0,8.0,11.0,37.0,10,0.8588235294117648
1SVZ_87,14,GRPPLT,GRPPLT,6,0.57992,7.0819,0.83038,18.84265,1.77485,2,321.59082,325.79251,10.7245,10.7245,1.0,0.0,0.0,1SVZ_87.cif,238,0,238.0,238.0,0.0,0.16667,0.0,0.0,0.0,0.33333,0.16667,0.0,0.0,0.0,0.0,0.16667,0.0,0.0,0.0,0.0,0.0,0.0,0.16667,0.0,0.0,10,1,1,0,0,0,0,-1,0,0,,,0,,0.0,0,-1,0,0,,,0,,0.0,0,-1,0,0,,,0,,0.0,2,1,10,,,0,,0.0,0,-1,0,0,,,0,,0.0,0,-1,0,0,,,0,,0.0,0,-1,0,0,,,0,,0.0,0,-1,0,0,,,0,,0.0,"ProtTryp(pos2,sev10)",0.0,0.0,0.0,0.0,0.15,0.2,0.4,0.65,0.85,0.0,0.0,1.77485,1.77485,,,,True,False,True,True,0.0,0.0,100000.25,100000.25,0.0,0.23632,0.0,0.0,0.0,0.0,0.0,0.0,0.23632,0.0,0.0,0.0,0.94378,0.94378,0.2893,0.0,False,False,False,False,False,False,False,False,False,False,False,False,18.84265,1.70403,18.85104,17.80489,19.28269,False,False,True,True,0.0,18.40679,7.0819,0.57992,0.52042,0.57992,0.57992,0.57992,0.57992,0.51945,0.01516,0.01564,0.01516,0.85008,0.79707,0.91875,6.00056,False,False,False,False,False,False,True,True,False,False,False,True,12207.14258,11885.55176,1,,1.70403,-7.0819,-10.7245,-325.79251,-7.0819,-18.84265,-1.70403,False,1,True,False,False,True,True,True,True,True,True,True,1.8553695461172695,4.185570943231043,-0.40976111281859817,-4.392700756515509,-0.6425584596094013,-2.0342449293466127,-0.3894733852049158,-1.144264437357798,0.0818187424095504,1.7431664522205559,35.0,18.0,37.0,8.5,1.5,20.0,37.0,10,0.8470588235294118
1SVZ_86,15,GNSYLD,GNSYLD,6,0.58051,6.66012,0.80946,19.4193,1.35321,1,320.97559,138.6777,12.5935,12.5935,1.0,0.0,0.0,1SVZ_86.cif,238,0,238.0,238.0,0.0,0.16667,0.0,0.0,0.16667,0.0,0.0,0.0,0.0,0.16667,0.16667,0.16667,0.0,0.0,0.0,0.0,0.0,0.0,0.0,0.16667,0.0,10,1,1,0,0,0,0,-1,0,0,,,0,,0.0,0,-1,0,0,,,0,,0.0,0,-1,0,0,,,0,,0.0,-1,0,0,,,0,,0.0,0,-1,0,0,,,0,,0.0,0,-1,0,0,,,0,,0.0,0,-1,0,0,,,0,,0.0,0,2,2,10,,,0,,0.0,"AspBridge(pos2,sev10)",0.0,0.0,0.0,0.0,0.1,0.2,0.2,0.55,0.9,0.0,0.0,1.35321,1.35321,,,,True,False,True,True,0.0,0.0,100000.25,100000.25,0.0,0.23707,0.0,0.0,0.0,0.0,0.0,0.0,0.23707,0.0,0.0,0.0,0.95959,0.95959,0.33047,0.0,False,False,False,False,False,False,False,False,False,False,False,False,19.4193,1.44588,19.38417,19.89946,21.633,False,False,True,True,0.0,18.55338,6.66012,0.58051,0.51073,0.58051,0.58051,0.58051,0.58051,0.50897,0.01479,0.01735,0.01479,0.82867,0.80114,0.99054,6.73391,False,False,False,False,False,False,True,True,False,False,False,True,12086.13965,11765.16406,0,,1.44588,-6.66012,-12.5935,-138.6777,-6.66012,-19.4193,-1.44588,False,1,True,False,False,True,True,True,True,True,True,True,1.8609240584042552,3.6865891852463384,-0.5189065379702449,-4.145665489165672,-1.0675103874978122,-2.035439881771874,-0.9109110110510453,-1.3686429192793437,0.07607386030333302,1.6892500755990678,34.0,38.0,27.0,17.0,8.0,20.5,38.0,11,0.8352941176470589
1SVZ_61,16,SRGPFD,SRGPFD,6,0.64864,5.37821,0.80886,20.25875,2.35717,1,348.18164,273.72034,10.591,10.591,1.0,0.0,0.0,1SVZ_61.cif,238,0,238.0,238.0,0.0,0.16667,0.0,0.0,0.16667,0.16667,0.0,0.0,0.0,0.0,0.16667,0.0,0.0,0.0,0.0,0.0,0.0,0.16667,0.16667,0.0,0.0,10,1,1,0,0,0,0,-1,0,0,,,0,,0.0,0,-1,0,0,,,0,,0.0,0,-1,0,0,,,0,,0.0,2,1,10,,,0,,0.0,0,-1,0,0,,,0,,0.0,0,-1,0,0,,,0,,0.0,0,-1,0,0,,,0,,0.0,0,-1,0,0,,,0,,0.0,"ProtTryp(pos2,sev10)",0.0,0.0,0.0,0.0,0.0,0.25,0.3,0.6,0.9,0.0,0.0,2.35717,2.35717,,,,True,False,False,True,0.0,0.0,100000.25,100000.25,0.0,0.20515,0.0,0.0,0.0,0.0,0.0,0.0,0.20515,0.0,0.0,0.0,0.8744,0.8744,0.36,0.0,False,False,False,False,False,False,False,False,False,False,False,False,20.25875,1.53343,20.30268,17.37655,19.9594,False,False,True,True,0.0,17.66248,5.37821,0.64864,0.51842,0.64864,0.64864,0.64864,0.64864,0.51569,0.02411,0.02772,0.02411,0.81876,0.76799,0.91611,5.04721,False,False,False,False,False,False,True,True,False,False,True,True,12084.73828,11736.55664,0,,1.53343,-5.37821,-10.591,-273.72034,-5.37821,-20.25875,-1.53343,False,1,True,False,False,True,True,True,True,True,True,True,2.502329011137065,3.672278044959972,-0.8506306878970962,-4.410346132754784,-0.7608183078321745,-1.9825979601665147,-0.9109110110510453,-1.3686429192793437,0.09530302013251929,2.075639488605659,7.0,39.0,11.0,17.0,8.0,10.0,39.0,12,0.8235294117647058
1SVZ_88,17,ASLPFS,ASLPFS,6,0.59434,6.77714,0.82668,18.74794,0.86768,1,253.40332,392.20569,19.402,19.402,1.0,0.0,0.0,1SVZ_88.cif,238,0,238.0,238.0,0.0,0.0,0.16667,0.0,0.33333,0.16667,0.0,0.0,0.0,0.0,0.0,0.16667,0.0,0.0,0.0,0.0,0.0,0.16667,0.0,0.0,0.0,5,1,0,1,0,0,0,-1,0,0,,,0,,0.0,0,-1,0,0,,,0,,0.0,0,-1,0,0,,,0,,0.0,-1,0,0,,,0,,0.0,0,-1,0,0,,,0,,0.0,0,-1,0,0,,,0,,0.0,0,1,1,5,,,0,,0.0,0,-1,0,0,,,0,,0.0,"DPP4(pos1,sev5)",0.0,0.0,0.0,0.0,0.05,0.15,0.25,0.45,0.8,0.0,0.0,0.86768,0.86768,,,,True,False,True,True,0.0,0.0,100000.25,100000.25,0.0,0.20767,0.0,0.0,0.0,0.0,0.0,0.0,0.20767,0.0,0.0,0.0,0.83212,0.83212,0.41405,0.0,False,False,False,False,False,False,False,False,False,False,False,False,18.74794,2.05023,18.75989,17.69394,18.90907,False,False,False,True,0.0,17.84562,6.77714,0.59434,0.52075,0.59434,0.59434,0.59434,0.59434,0.51927,0.01575,0.02523,0.01575,0.86644,0.8279,0.89732,6.24674,False,False,False,False,False,False,True,True,False,False,False,True,12260.2666,12006.86328,0,,2.05023,-6.77714,-19.402,-392.20569,-6.77714,-18.74794,-2.05023,False,1,True,False,False,True,True,True,True,True,True,True,1.9911255921822497,4.097318911465106,-0.4886248801124856,-3.2457513009626893,-0.4917290897791882,-2.1666845348558805,-0.9109110110510453,-1.3686429192793437,0.07753887736951115,1.8113639712109155,28.0,22.0,30.0,17.0,8.0,40.0,40.0,13,0.8117647058823529
1SVZ_58,18,KKPPLD,KKPPLD,6,0.61749,5.53152,0.82117,19.1066,1.88617,1,241.92188,327.54166,9.2115,9.2115,1.0,0.0,0.0,1SVZ_58.cif,238,0,238.0,238.0,0.0,0.0,0.0,0.0,0.0,0.33333,0.0,0.0,0.0,0.0,0.16667,0.16667,0.0,0.0,0.0,0.33333,0.0,0.0,0.0,0.0,0.0,20,2,2,0,0,0,0,-1,0,0,,,0,,0.0,0,-1,0,0,,,0,,0.0,0,-1,0,0,,,0,,0.0,-1,0,0,,1-2,2,,10.0,0,-1,0,0,,,0,,0.0,0,-1,0,0,,,0,,0.0,0,-1,0,0,,,0,,0.0,0,-1,0,0,,,0,,0.0,"ProtTrypx2(pos1-2,sev10)",0.0,0.0,0.0,0.0,0.05,0.2,0.35,0.6,0.85,0.0,0.0,1.88617,1.88617,,,,True,False,True,True,0.0,0.0,100000.25,100000.25,0.0,0.241,0.0,0.0,0.0,0.0,0.0,0.0,0.241,0.0,0.0,0.0,0.75714,0.75714,0.28065,0.0,False,False,False,False,False,False,False,False,False,False,False,False,19.1066,1.36928,19.11448,18.20202,19.44024,False,False,True,True,0.0,17.75961,5.53152,0.61749,0.51571,0.61749,0.61749,0.61749,0.61749,0.51356,0.02102,0.0275,0.02102,0.83829,0.78224,0.92522,5.23197,False,False,False,False,False,False,True,True,False,False,True,True,12109.54199,11867.62012,0,,1.36928,-5.53152,-9.2115,-327.54166,-5.53152,-19.1066,-1.36928,False,1,True,False,False,True,True,True,True,True,True,True,2.2090695912394134,3.9658949398352905,-0.8109581450311496,-4.592681687227283,-0.6385860072702946,-2.188984771472245,-0.9109110110510453,-1.3686429192793437,0.09066096801455731,2.0011900824752837,14.0,30.0,13.0,17.0,8.0,41.0,41.0,14,0.8
1SVZ_64,19,STGPFD,STGPFD,6,0.59848,6.92506,0.80535,18.93274,1.57659,2,346.5166,273.82416,12.104,12.104,1.0,0.0,0.0,1SVZ_64.cif,238,0,238.0,238.0,0.0,0.16667,0.0,0.0,0.16667,0.16667,0.16667,0.0,0.0,0.0,0.16667,0.0,0.0,0.0,0.0,0.0,0.0,0.16667,0.0,0.0,0.0,0,0,0,0,0,0,0,-1,0,0,,,0,,0.0,0,-1,0,0,,,0,,0.0,0,-1,0,0,,,0,,0.0,-1,0,0,,,0,,0.0,0,-1,0,0,,,0,,0.0,0,-1,0,0,,,0,,0.0,0,-1,0,0,,,0,,0.0,0,-1,0,0,,,0,,0.0,,0.0,0.0,0.0,0.0,0.0,0.2,0.3,0.55,0.85,0.0,0.0,1.57659,1.57659,,,,True,False,True,True,0.0,0.0,100000.25,100000.25,0.0,0.19642,0.0,0.0,0.0,0.0,0.0,0.0,0.19642,0.0,0.0,0.0,0.90636,0.90636,0.42958,0.0,False,False,False,False,False,False,False,False,False,False,False,False,18.93274,1.42363,18.84607,21.05924,23.06272,False,False,True,True,0.0,18.51034,6.92506,0.59848,0.52383,0.59848,0.59848,0.59848,0.59848,0.52213,0.01639,0.01799,0.01639,0.84246,0.80381,0.92504,6.40817,False,False,False,False,False,False,True,True,False,False,False,True,12261.51172,11914.99512,0,,1.42363,-6.92506,-12.104,-273.82416,-6.92506,-18.93274,-1.42363,False,1,True,False,False,True,True,True,True,True,True,True,2.030101322467203,3.5885578742847177,-0.45034712562334056,-4.21036520204301,-0.7605825247364733,-1.9858319435323393,-0.9109110110510453,-1.144264437357798,0.07770862818335232,1.709890954093161,25.0,41.0,34.0,8.5,8.0,11.5,41.0,14,0.788235294117647
1SVZ_85,20,KKPNLF,KKPNLF,6,0.56347,7.28681,0.8169,18.41401,2.17025,2,414.86133,400.80502,17.2215,17.2215,1.0,0.0,0.0,1SVZ_85.cif,238,0,238.0,238.0,0.0,0.0,0.0,0.0,0.0,0.16667,0.0,0.0,0.0,0.16667,0.0,0.16667,0.0,0.0,0.0,0.33333,0.0,0.16667,0.0,0.0,0.0,20,2,2,0,0,0,0,-1,0,0,,,0,,0.0,0,-1,0,0,,,0,,0.0,0,-1,0,0,,,0,,0.0,-1,0,0,,1-2,2,,10.0,0,-1,0,0,,,0,,0.0,0,-1,0,0,,,0,,0.0,0,-1,0,0,,,0,,0.0,0,-1,0,0,,,0,,0.0,"ProtTrypx2(pos1-2,sev10)",0.0,0.0,0.0,0.0,0.1,0.2,0.35,0.6,0.85,0.0,0.0,2.17025,2.17025,,,,True,False,False,True,0.0,0.0,100000.25,100000.25,0.0,0.25549,0.0,0.0,0.0,0.0,0.0,0.0,0.25549,0.0,0.0,0.0,0.82009,0.82009,0.28695,0.0,False,False,False,False,False,False,False,False,False,False,False,False,18.41401,2.07594,18.38387,18.82027,20.31532,False,False,False,True,0.0,18.65504,7.28681,0.56347,0.51366,0.56347,0.56347,0.56347,0.56347,0.51251,0.01252,0.01252,0.01468,0.90192,0.83488,0.95699,6.3278,False,False,False,False,False,False,True,True,False,False,False,True,12109.95605,11695.09473,0,,2.07594,-7.28681,-17.2215,-400.80502,-7.28681,-18.41401,-2.07594,False,1,True,False,False,True,True,True,True,True,True,True,1.7005022120140154,3.864047324797304,-0.3567358648982987,-3.5339591128708343,-0.4721993590109575,-1.8530869524439813,-0.9109110110510453,-1.144264437357798,0.07014469516533847,1.5957046957243866,41.0,32.0,41.0,8.5,8.0,2.0,41.0,14,0.7764705882352941
1SVZ_55,21,AKGPFD,AKGPFD,6,0.63911,5.49827,0.80517,19.90258,2.2877,3,364.23242,274.45587,9.8345,9.8345,1.0,0.0,0.0,1SVZ_55.cif,238,0,238.0,238.0,0.0,0.16667,0.16667,0.0,0.0,0.16667,0.0,0.0,0.0,0.0,0.16667,0.0,0.0,0.0,0.0,0.16667,0.0,0.16667,0.0,0.0,0.0,15,2,1,1,0,0,0,-1,0,0,,,0,,0.0,0,-1,0,0,,,0,,0.0,0,-1,0,0,,,0,,0.0,2,1,10,,,0,,0.0,0,-1,0,0,,,0,,0.0,0,-1,0,0,,,0,,0.0,0,1,1,5,,,0,,0.0,0,-1,0,0,,,0,,0.0,"ProtTryp(pos2,sev10); DPP4(pos1,sev5)",0.0,0.0,0.0,0.0,0.0,0.25,0.35,0.65,0.95,0.0,0.0,2.2877,2.2877,,,,True,False,False,True,0.0,0.0,100000.25,100000.25,0.0,0.219,0.0,0.0,0.0,0.0,0.0,0.0,0.219,0.0,0.0,0.0,0.87321,0.87321,0.3417,0.0,False,False,False,False,False,False,False,False,False,False,False,False,19.90258,1.93002,19.8842,19.44705,21.93351,False,False,True,True,0.0,18.10345,5.49827,0.63911,0.507,0.63911,0.63911,0.63911,0.63911,0.50426,0.02221,0.02221,0.02299,0.8248,0.79414,0.95658,5.42296,False,False,False,False,False,False,True,True,False,False,True,True,12059.02734,11694.79492,1,,1.93002,-5.49827,-9.8345,-274.45587,-5.49827,-19.90258,-1.93002,False,1,True,False,False,True,True,True,True,True,True,True,2.412609516060833,3.5842645321988083,-0.8195623590438869,-4.510336598110671,-0.7591478634054627,-1.9514227598539053,-0.3894733852049158,-0.919885955436252,0.09724921135034842,2.0097216564816494,11.0,42.0,12.0,3.5,1.5,6.0,42.0,15,0.7647058823529411
1SVZ_95,22,KRPDID,KRPDID,6,0.56015,7.26044,0.84079,17.1819,1.84644,1,421.4502,197.0618,7.476,7.476,1.0,0.0,0.0,1SVZ_95.cif,238,0,238.0,238.0,0.0,0.0,0.0,0.0,0.0,0.16667,0.0,0.0,0.16667,0.0,0.33333,0.0,0.0,0.0,0.0,0.16667,0.0,0.0,0.16667,0.0,0.0,20,2,2,0,0,0,0,-1,0,0,,,0,,0.0,0,-1,0,0,,,0,,0.0,0,-1,0,0,,,0,,0.0,-1,0,0,,1-2,2,,10.0,0,-1,0,0,,,0,,0.0,0,-1,0,0,,,0,,0.0,0,-1,0,0,,,0,,0.0,0,-1,0,0,,,0,,0.0,"ProtTrypx2(pos1-2,sev10)",0.0,0.0,0.0,0.0,0.05,0.2,0.3,0.6,0.85,0.0,0.0,1.84644,1.84644,,,,True,False,True,True,0.0,0.0,100000.25,100000.25,0.0,0.21916,0.0,0.0,0.0,0.0,0.0,0.0,0.21916,0.0,0.0,0.0,0.78899,0.78899,0.3386,0.0,False,False,False,False,False,False,False,False,False,False,False,False,17.1819,2.11001,17.05621,20.47058,22.562,False,False,False,True,0.0,19.13292,7.26044,0.56015,0.50044,0.56015,0.56015,0.56015,0.56015,0.49926,0.01254,0.01254,0.01339,0.83805,0.7639,0.95031,6.54748,False,False,False,False,False,False,True,True,False,False,False,True,12083.6582,11662.20801,1,,2.11001,-7.26044,-7.476,-197.0618,-7.26044,-17.1819,-2.11001,False,1,True,False,False,True,True,True,True,True,True,True,1.6692463123652128,4.433869227199532,-0.3635597182371221,-4.822071578337847,-0.9349156674271252,-1.840289484527547,-0.3894733852049158,-1.3686429192793437,0.08145543272349152,1.6998962576808403,44.0,13.0,40.0,17.0,1.5,1.0,44.0,16,0.7529411764705882
1SVZ_98,23,SGGPFD,SGGPFD,6,0.60192,6.24095,0.80305,18.9982,3.09051,0,258.53027,264.27731,11.7035,11.7035,1.0,0.0,0.0,1SVZ_98.cif,238,0,238.0,238.0,0.0,0.33333,0.0,0.0,0.16667,0.16667,0.0,0.0,0.0,0.0,0.16667,0.0,0.0,0.0,0.0,0.0,0.0,0.16667,0.0,0.0,0.0,0,0,0,0,0,0,0,-1,0,0,,,0,,0.0,0,-1,0,0,,,0,,0.0,0,-1,0,0,,,0,,0.0,-1,0,0,,,0,,0.0,0,-1,0,0,,,0,,0.0,0,-1,0,0,,,0,,0.0,0,-1,0,0,,,0,,0.0,0,-1,0,0,,,0,,0.0,,0.0,0.0,0.0,0.0,0.0,0.25,0.3,0.6,0.85,0.0,0.0,3.09051,3.09051,,,,False,False,False,True,0.0,0.0,100000.25,100000.25,0.0,0.20777,0.0,0.0,0.0,0.0,0.0,0.0,0.20777,0.0,0.0,0.0,0.93593,0.93593,0.35853,0.0,False,False,False,False,False,False,False,False,False,False,False,False,18.9982,2.18153,19.04652,16.50163,17.5827,False,False,False,True,0.0,17.89779,6.24095,0.60192,0.51913,0.60192,0.60192,0.60192,0.60192,0.51757,0.01597,0.01597,0.01814,0.8134,0.75263,0.91992,5.7623,False,False,False,False,False,False,True,True,False,False,True,True,12011.68164,11753.15137,0,,2.18153,-6.24095,-11.7035,-264.27731,-6.24095,-18.9982,-2.18153,False,1,True,False,False,True,False,True,False,True,True,True,2.0624869534286128,3.533698503186974,-0.627376564668561,-4.263301330760832,-0.7822641453028061,-2.156726533235852,-0.9109110110510453,-1.5930214012008896,0.007844378749172615,1.7826851078762644,23.0,45.0,22.0,27.5,8.0,39.5,45.0,17,0.7411764705882353
1SVZ_45,24,SLSWYK,SLSWYK,6,0.56897,7.64183,0.85461,18.71939,2.7686,4,349.54492,175.50409,19.6407,19.6407,1.0,0.0,0.0,1SVZ_45.cif,238,0,238.0,238.0,0.0,0.0,0.0,0.0,0.33333,0.0,0.0,0.0,0.0,0.0,0.0,0.16667,0.0,0.0,0.0,0.16667,0.0,0.0,0.0,0.16667,0.16667,10,1,1,0,0,0,0,-1,0,0,,,0,,0.0,0,-1,0,0,,,0,,0.0,0,-1,0,0,,,0,,0.0,-1,0,0,,,0,,0.0,0,-1,0,0,,,0,,0.0,0,4,1,10,,,0,,0.0,0,-1,0,0,,,0,,0.0,0,-1,0,0,,,0,,0.0,"TrpOx(pos4,sev10)",0.0,0.0,0.0,0.0,0.1,0.15,0.3,0.55,0.65,0.0,0.0,2.7686,2.7686,,,,False,False,False,True,0.0,0.0,100000.25,100000.25,0.0,0.17544,0.0,0.0,0.0,0.0,0.0,0.0,0.17544,0.0,0.0,0.0,0.9301,0.9301,0.42009,0.0,False,False,False,False,False,False,False,False,False,False,False,False,18.71939,1.04962,18.75946,16.4902,17.75342,False,False,True,True,0.0,18.12067,7.64183,0.56897,0.52489,0.56897,0.56897,0.56897,0.56897,0.52394,0.0129,0.04103,0.0129,0.83092,0.78965,0.91048,6.71462,False,False,False,False,False,False,True,True,False,False,False,True,11858.41309,11508.86816,0,,1.04962,-7.64183,-19.6407,-175.50409,-7.64183,-18.71939,-1.04962,False,1,True,False,False,True,False,True,True,True,True,True,1.7522815638418507,4.763502491795544,-0.26486614884410564,-3.2142011038966616,-0.9838748621876001,-1.9799500809306039,-0.9109110110510453,-0.695507473514706,0.00806301131248729,1.7595595834334912,38.0,4.0,46.0,2.0,8.0,9.0,46.0,18,0.7294117647058824
1SVZ_06,25,KKPPTF,KKPPTF,6,0.55886,7.3153,0.82392,19.13682,1.84067,0,350.33008,384.66827,10.502,10.502,1.0,0.0,0.0,1SVZ_06.cif,238,0,238.0,238.0,0.0,0.0,0.0,0.0,0.0,0.33333,0.16667,0.0,0.0,0.0,0.0,0.0,0.0,0.0,0.0,0.33333,0.0,0.16667,0.0,0.0,0.0,20,2,2,0,0,0,0,-1,0,0,,,0,,0.0,0,-1,0,0,,,0,,0.0,0,-1,0,0,,,0,,0.0,-1,0,0,,1-2,2,,10.0,0,-1,0,0,,,0,,0.0,0,-1,0,0,,,0,,0.0,0,-1,0,0,,,0,,0.0,0,-1,0,0,,,0,,0.0,"ProtTrypx2(pos1-2,sev10)",0.0,0.0,0.0,0.0,0.05,0.25,0.35,0.55,0.95,0.0,0.0,1.84067,1.84067,,,,True,False,True,True,0.0,0.0,100000.25,100000.25,0.0,0.23192,0.0,0.0,0.0,0.0,0.0,0.0,0.23192,0.0,0.0,0.0,0.87259,0.87259,0.2965,0.0,False,False,False,False,False,False,False,False,False,False,False,False,19.13682,2.16318,19.2178,15.27579,16.12671,False,False,False,True,0.0,18.06986,7.3153,0.55886,0.51365,0.55886,0.55886,0.55886,0.55886,0.51332,0.01448,0.03177,0.01448,0.82603,0.75997,0.96501,6.60111,False,False,False,False,False,False,True,True,False,False,False,True,12110.1543,11759.82422,2,,2.16318,-7.3153,-10.502,-384.66827,-7.3153,-19.13682,-2.16318,False,1,True,False,False,True,True,True,True,True,True,True,1.657101700754684,4.031487666147812,-0.3493634120494904,-4.422109716914299,-0.5088471423817837,-1.9784250758979858,0.13196424064121373,-1.5930214012008896,0.0754513268206014,1.6088835783512323,46.0,25.0,42.0,27.5,0.5,8.5,46.0,18,0.7176470588235294
1SVZ_19,26,SSSPPF,SSSPPF,6,0.60684,6.22948,0.80094,19.37916,1.3716,2,295.02148,418.79507,12.8605,12.8605,1.0,0.0,0.0,1SVZ_19.cif,238,0,238.0,238.0,0.0,0.0,0.0,0.0,0.5,0.33333,0.0,0.0,0.0,0.0,0.0,0.0,0.0,0.0,0.0,0.0,0.0,0.16667,0.0,0.0,0.0,0,0,0,0,0,0,0,-1,0,0,,,0,,0.0,0,-1,0,0,,,0,,0.0,0,-1,0,0,,,0,,0.0,-1,0,0,,,0,,0.0,0,-1,0,0,,,0,,0.0,0,-1,0,0,,,0,,0.0,0,-1,0,0,,,0,,0.0,0,-1,0,0,,,0,,0.0,,0.0,0.0,0.0,0.05,0.1,0.25,0.4,0.65,0.8,0.0,0.0,1.3716,1.3716,,,,True,False,True,True,0.0,0.0,100000.25,100000.25,0.0,0.19042,0.0,0.0,0.0,0.0,0.0,0.0,0.19042,0.0,0.0,0.0,0.74981,0.74981,0.40968,0.0,False,False,False,False,False,False,False,False,False,False,False,False,19.37916,1.61872,19.35106,19.57852,21.38846,False,False,True,True,0.0,18.07337,6.22948,0.60684,0.52068,0.60684,0.60684,0.60684,0.60684,0.51845,0.01891,0.01891,0.01987,0.84709,0.83401,0.96067,5.64831,False,False,False,False,False,False,True,True,False,False,True,True,11961.72461,11666.70312,0,,1.61872,-6.22948,-12.8605,-418.79507,-6.22948,-19.37916,-1.61872,False,1,True,False,False,True,True,True,True,True,True,True,2.1088059372455135,3.483370993179911,-0.6303446950362631,-4.110374736687123,-0.4313425907502896,-2.085850178230083,-0.9109110110510453,-1.144264437357798,0.08008115329174993,1.7923344515486928,18.0,47.0,21.0,8.5,8.0,29.5,47.0,19,0.7058823529411764
1SVZ_75,27,GRPDLG,GRPDLG,6,0.565,7.69369,0.84473,18.3976,2.02631,1,369.08496,253.94101,9.167,9.167,1.0,0.0,0.0,1SVZ_75.cif,238,0,238.0,238.0,0.0,0.33333,0.0,0.0,0.0,0.16667,0.0,0.0,0.0,0.0,0.16667,0.16667,0.0,0.0,0.0,0.0,0.0,0.0,0.16667,0.0,0.0,10,1,1,0,0,0,0,-1,0,0,,,0,,0.0,0,-1,0,0,,,0,,0.0,0,-1,0,0,,,0,,0.0,2,1,10,,,0,,0.0,0,-1,0,0,,,0,,0.0,0,-1,0,0,,,0,,0.0,0,-1,0,0,,,0,,0.0,0,-1,0,0,,,0,,0.0,"ProtTryp(pos2,sev10)",0.0,0.0,0.0,0.0,0.15,0.2,0.45,0.65,0.85,0.0,0.0,2.02631,2.02631,,,,True,False,False,True,0.0,0.0,100000.25,100000.25,0.0,0.23928,0.0,0.0,0.0,0.0,0.0,0.0,0.23928,0.0,0.0,0.0,0.90144,0.90144,0.3003,0.0,False,False,False,False,False,False,False,False,False,False,False,False,18.3976,1.93296,18.24068,22.05662,25.43273,False,False,True,True,0.0,19.13639,7.69369,0.565,0.50173,0.565,0.565,0.565,0.565,0.50049,0.01125,0.01125,0.01369,0.81025,0.73746,0.95299,6.20799,False,False,False,False,False,False,True,True,False,False,False,True,11878.32129,11509.23633,1,,1.93296,-7.69369,-9.167,-253.94101,-7.69369,-18.3976,-1.93296,False,1,True,False,False,True,True,True,False,True,True,True,1.7149062862497582,4.527845715080015,-0.2514461627177733,-4.598563479307041,-0.8057386667061787,-1.9419977408501594,-0.3894733852049158,-1.3686429192793437,0.07962045831031327,1.6921101226030157,40.0,6.0,47.0,17.0,1.5,5.0,47.0,19,0.6941176470588235
1SVZ_96,28,GRPPLE,GRPPLE,6,0.55832,7.20545,0.8132,18.72724,1.24462,0,282.90137,326.53366,10.9915,10.9915,1.0,0.0,0.0,1SVZ_96.cif,238,0,238.0,238.0,0.0,0.16667,0.0,0.0,0.0,0.33333,0.0,0.0,0.0,0.0,0.0,0.16667,0.0,0.0,0.16667,0.0,0.0,0.0,0.16667,0.0,0.0,10,1,1,0,0,0,0,-1,0,0,,,0,,0.0,0,-1,0,0,,,0,,0.0,0,-1,0,0,,,0,,0.0,2,1,10,,,0,,0.0,0,-1,0,0,,,0,,0.0,0,-1,0,0,,,0,,0.0,0,-1,0,0,,,0,,0.0,0,-1,0,0,,,0,,0.0,"ProtTryp(pos2,sev10)",0.0,0.0,0.0,0.0,0.05,0.2,0.35,0.75,0.9,0.0,0.0,1.24462,1.24462,,,,True,False,True,True,0.0,0.0,100000.25,100000.25,0.0,0.231,0.0,0.0,0.0,0.0,0.0,0.0,0.231,0.0,0.0,0.0,0.94423,0.94423,0.29467,0.0,False,False,False,False,False,False,False,False,False,False,False,False,18.72724,1.68607,18.60658,21.79271,24.12485,False,False,True,True,0.0,19.30672,7.20545,0.55832,0.51427,0.55832,0.55832,0.55832,0.55832,0.51363,0.01303,0.01303,0.01354,0.83539,0.79278,0.94512,6.61792,False,False,False,False,False,False,True,True,False,False,False,True,11916.94629,11634.04492,0,,1.68607,-7.20545,-10.9915,-326.53366,-7.20545,-18.72724,-1.68607,False,1,True,False,False,True,True,True,True,True,True,True,1.6520179098479513,3.7757952930313685,-0.37778966496074357,-4.357410004036961,-0.6408752517363607,-2.109390894448289,-0.9109110110510453,-1.5930214012008896,0.06776481458536114,1.5670820885297518,47.0,35.0,39.0,27.5,8.0,32.5,47.0,19,0.6823529411764706
1SVZ_18,29,SQYPPF,SQYPPF,6,0.59971,6.77755,0.80084,18.95853,1.36003,0,375.125,375.62082,17.2215,17.2215,1.0,0.0,0.0,1SVZ_18.cif,238,0,238.0,238.0,0.0,0.0,0.0,0.0,0.16667,0.33333,0.0,0.0,0.0,0.0,0.0,0.0,0.0,0.16667,0.0,0.0,0.0,0.16667,0.0,0.16667,0.0,0,0,0,0,0,0,0,-1,0,0,,,0,,0.0,0,-1,0,0,,,0,,0.0,0,-1,0,0,,,0,,0.0,-1,0,0,,,0,,0.0,0,-1,0,0,,,0,,0.0,0,-1,0,0,,,0,,0.0,0,-1,0,0,,,0,,0.0,0,-1,0,0,,,0,,0.0,,0.0,0.0,0.0,0.0,0.1,0.2,0.45,0.7,0.85,0.0,0.0,1.36003,1.36003,,,,True,False,True,True,0.0,0.0,100000.25,100000.25,0.0,0.17184,0.0,0.0,0.0,0.0,0.0,0.0,0.17184,0.0,0.0,0.0,0.94246,0.94246,0.40872,0.0,False,False,False,False,False,False,False,False,False,False,False,False,18.95853,1.99958,18.97424,17.71794,19.01766,False,False,True,True,0.0,17.97769,6.77755,0.59971,0.51519,0.59971,0.59971,0.59971,0.59971,0.51353,0.01638,0.01709,0.01638,0.84625,0.80848,0.93413,6.67157,False,False,False,False,False,False,True,True,False,False,False,True,12052.96582,11677.84082,0,,1.99958,-6.77755,-17.2215,-375.62082,-6.77755,-18.95853,-1.99958,False,1,True,False,False,True,True,True,True,True,True,True,2.0416810684214273,3.4809858031321834,-0.4885187830374414,-3.5339591128708343,-0.5293945876640359,-1.9302662575891483,-0.9109110110510453,-1.5930214012008896,0.0732994460263313,1.708277101209984,24.0,48.0,31.0,27.5,8.0,4.5,48.0,20,0.6705882352941177
1SVZ_79,30,GGYPAP,GGYPAP,6,0.56746,7.71096,0.85391,18.40762,2.03605,2,339.32129,303.54288,8.277,8.277,1.0,0.0,0.0,1SVZ_79.cif,238,0,238.0,238.0,0.0,0.33333,0.16667,0.0,0.0,0.33333,0.0,0.0,0.0,0.0,0.0,0.0,0.0,0.0,0.0,0.0,0.0,0.0,0.0,0.16667,0.0,0,0,0,0,0,0,0,-1,0,0,,,0,,0.0,0,-1,0,0,,,0,,0.0,0,-1,0,0,,,0,,0.0,-1,0,0,,,0,,0.0,0,-1,0,0,,,0,,0.0,0,-1,0,0,,,0,,0.0,0,-1,0,0,,,0,,0.0,0,-1,0,0,,,0,,0.0,,0.0,0.0,0.0,0.0,0.0,0.15,0.35,0.65,0.85,0.0,0.0,2.03605,2.03605,,,,True,False,False,True,0.0,0.0,100000.25,100000.25,0.0,0.17741,0.0,0.0,0.0,0.0,0.0,0.0,0.17741,0.0,0.0,0.0,0.98966,0.98966,0.35139,0.0,False,False,False,False,False,False,False,False,False,False,False,False,18.40762,2.0695,18.4441,16.39074,17.5147,False,False,False,True,0.0,18.78902,7.71096,0.56746,0.51996,0.56746,0.56746,0.56746,0.56746,0.51923,0.0126,0.01771,0.0126,0.82919,0.77125,0.92709,7.02869,False,False,False,False,False,False,True,True,False,False,False,True,12067.43359,11728.1123,0,,2.0695,-7.71096,-8.277,-303.54288,-7.71096,-18.40762,-2.0695,False,1,True,False,False,True,True,True,False,True,True,True,1.7380657781582085,4.746806161461446,-0.24697714689822536,-4.716199320902202,-0.6930890571783688,-1.999807291182816,-0.9109110110510453,-1.144264437357798,0.08036196208116961,1.7433784023148629,39.0,5.0,49.0,8.5,8.0,16.5,49.0,21,0.6588235294117647
1SVZ_93,31,GVPDIG,GVPDIG,6,0.55554,7.46423,0.85663,19.4958,2.06713,1,283.5791,360.88812,11.748,11.748,1.0,0.0,0.0,1SVZ_93.cif,238,0,238.0,238.0,0.0,0.33333,0.0,0.0,0.0,0.16667,0.0,0.16667,0.16667,0.0,0.16667,0.0,0.0,0.0,0.0,0.0,0.0,0.0,0.0,0.0,0.0,0,0,0,0,0,0,0,-1,0,0,,,0,,0.0,0,-1,0,0,,,0,,0.0,0,-1,0,0,,,0,,0.0,-1,0,0,,,0,,0.0,0,-1,0,0,,,0,,0.0,0,-1,0,0,,,0,,0.0,0,-1,0,0,,,0,,0.0,0,-1,0,0,,,0,,0.0,,0.0,0.0,0.0,0.0,0.1,0.25,0.4,0.55,0.85,0.0,0.0,2.06713,2.06713,,,,True,False,False,True,0.0,0.0,100000.25,100000.25,0.0,0.22778,0.0,0.0,0.0,0.0,0.0,0.0,0.22778,0.0,0.0,0.0,0.95402,0.95402,0.29544,0.0,False,False,False,False,False,False,False,False,False,False,False,False,19.4958,1.9585,19.57779,15.52753,16.52187,False,False,True,True,0.0,18.38585,7.46423,0.55554,0.52071,0.55554,0.55554,0.55554,0.55554,0.5202,0.00941,0.00941,0.01315,0.83539,0.75474,0.933,6.51027,False,False,False,False,False,False,True,True,False,False,False,True,12065.57422,11781.99512,0,,1.9585,-7.46423,-11.748,-360.88812,-7.46423,-19.4958,-1.9585,False,1,True,False,False,True,True,True,False,True,True,True,1.6258458011058814,4.81168333075965,-0.3108242964730412,-4.2574195386810745,-0.5628536669747627,-2.108074549167383,-0.9109110110510453,-1.3686429192793437,0.07685990319334635,1.7370047051834991,49.0,2.0,44.0,17.0,8.0,32.0,49.0,21,0.6470588235294117
1SVZ_67,32,GLPPWA,GLPPWA,6,0.58563,6.50562,0.80015,17.97595,0.54132,1,361.83887,482.61389,20.3229,20.3229,1.0,0.0,0.0,1SVZ_67.cif,238,0,238.0,238.0,0.0,0.16667,0.16667,0.0,0.0,0.33333,0.0,0.0,0.0,0.0,0.0,0.16667,0.0,0.0,0.0,0.0,0.0,0.0,0.0,0.0,0.16667,10,1,1,0,0,0,0,-1,0,0,,,0,,0.0,0,-1,0,0,,,0,,0.0,0,-1,0,0,,,0,,0.0,-1,0,0,,,0,,0.0,0,-1,0,0,,,0,,0.0,0,5,1,10,,,0,,0.0,0,-1,0,0,,,0,,0.0,0,-1,0,0,,,0,,0.0,"TrpOx(pos5,sev10)",0.0,0.0,0.0,0.0,0.05,0.2,0.3,0.55,0.9,0.0,0.0,0.54132,0.54132,,,,True,False,True,True,0.0,0.0,100000.25,100000.25,0.0,0.25494,0.0,0.0,0.0,0.0,0.0,0.0,0.25494,0.0,0.0,0.0,0.95916,0.95916,0.31612,0.0,False,False,False,False,False,False,False,False,False,False,False,False,17.97595,0.67215,17.84709,21.54144,23.30739,False,False,True,True,0.0,18.76408,6.50562,0.58563,0.50085,0.58563,0.58563,0.58563,0.58563,0.49917,0.01595,0.025,0.01595,0.88054,0.83766,0.9638,6.83512,False,False,False,False,False,False,True,True,False,False,False,True,11899.6084,11537.76953,0,,0.67215,-6.50562,-20.3229,-482.61389,-6.50562,-17.97595,-0.67215,False,1,True,False,False,True,True,True,True,True,True,True,1.909125927742168,3.464527991802861,-0.5588870211271735,-3.1240312486874267,-0.28640520928613145,-1.956071717767991,-0.9109110110510453,-1.3686429192793437,0.07114099940746317,1.6801107779083087,33.0,50.0,25.0,17.0,8.0,6.5,50.0,22,0.6352941176470588
1SVZ_41,33,GSVPPW,GSVPPW,6,0.558,7.76523,0.80418,18.39169,1.87847,5,280.72461,481.96091,18.1115,18.1115,1.0,0.0,0.0,1SVZ_41.cif,238,0,238.0,238.0,0.0,0.16667,0.0,0.0,0.16667,0.33333,0.0,0.16667,0.0,0.0,0.0,0.0,0.0,0.0,0.0,0.0,0.0,0.0,0.0,0.0,0.16667,10,1,1,0,0,0,0,-1,0,0,,,0,,0.0,0,-1,0,0,,,0,,0.0,0,-1,0,0,,,0,,0.0,-1,0,0,,,0,,0.0,0,-1,0,0,,,0,,0.0,0,6,1,10,,,0,,0.0,0,-1,0,0,,,0,,0.0,0,-1,0,0,,,0,,0.0,"TrpOx(pos6,sev10)",0.0,0.0,0.0,0.05,0.1,0.2,0.4,0.65,0.8,0.0,0.0,1.87847,1.87847,,,,True,False,True,True,0.0,0.0,100000.25,100000.25,0.0,0.2057,0.0,0.0,0.0,0.0,0.0,0.0,0.2057,0.0,0.0,0.0,0.91973,0.91973,0.32142,0.0,False,False,False,False,False,False,False,False,False,False,False,False,18.39169,1.73153,18.33392,19.6242,21.45319,False,False,True,True,0.0,18.67648,7.76523,0.558,0.51093,0.558,0.558,0.558,0.558,0.51046,0.01253,0.01253,0.01259,0.90698,0.85913,0.97744,7.42827,False,False,False,False,False,False,True,True,False,False,False,True,11976.83203,11696.10742,0,,1.73153,-7.76523,-18.1115,-481.96091,-7.76523,-18.39169,-1.73153,False,1,True,False,False,True,True,True,True,True,True,True,1.6490052930143317,3.5606511507263,-0.2329335169893159,-3.416323271275673,-0.28788817640066705,-2.1136187842475684,-0.9109110110510453,-0.47112899159316013,0.06484723032862515,1.464905754146719,48.0,43.0,50.0,1.0,8.0,33.0,50.0,22,0.6235294117647059
1SVZ_52,34,KPPDLG,KPPDLG,6,0.5501,7.01704,0.82175,20.04632,1.66292,0,291.87891,352.59415,10.235,10.235,1.0,0.0,0.0,1SVZ_52.cif,238,0,238.0,238.0,0.0,0.16667,0.0,0.0,0.0,0.33333,0.0,0.0,0.0,0.0,0.16667,0.16667,0.0,0.0,0.0,0.16667,0.0,0.0,0.0,0.0,0.0,10,1,1,0,0,0,0,-1,0,0,,,0,,0.0,0,-1,0,0,,,0,,0.0,0,-1,0,0,,,0,,0.0,1,1,10,,,0,,0.0,0,-1,0,0,,,0,,0.0,0,-1,0,0,,,0,,0.0,0,-1,0,0,,,0,,0.0,0,-1,0,0,,,0,,0.0,"ProtTryp(pos1,sev10)",0.0,0.0,0.0,0.0,0.1,0.2,0.35,0.65,0.9,0.0,0.0,1.66292,1.66292,,,,True,False,True,True,0.0,0.0,100000.25,100000.25,0.0,0.24448,0.0,0.0,0.0,0.0,0.0,0.0,0.24448,0.0,0.0,0.0,0.97578,0.97578,0.28363,0.0,False,False,False,False,False,False,False,False,False,False,False,False,20.04632,2.00557,20.08661,17.22876,19.94731,False,False,False,True,0.0,18.85474,7.01704,0.5501,0.52429,0.5501,0.5501,0.5501,0.5501,0.52391,0.0063,0.0063,0.01394,0.82499,0.7509,0.92357,6.21059,False,False,False,False,False,False,True,True,False,False,False,True,11889.04102,11597.16211,0,,2.00557,-7.01704,-10.235,-352.59415,-7.01704,-20.04632,-2.00557,False,1,True,False,False,True,True,True,True,True,True,True,1.5746313149343494,3.9797290421121136,-0.42654515254389536,-4.457400469392848,-0.5816899020186304,-2.091953946971938,-0.9109110110510453,-1.5930214012008896,0.06938304363592507,1.5964163954137205,51.0,28.0,35.0,27.5,8.0,30.5,51.0,23,0.611764705882353
1SVZ_83,35,KGPPFL,KGPPFL,6,0.6033,6.0671,0.79812,18.88472,2.03956,1,319.37109,517.52557,19.7135,19.7135,1.0,0.0,0.0,1SVZ_83.cif,238,0,238.0,238.0,0.0,0.16667,0.0,0.0,0.0,0.33333,0.0,0.0,0.0,0.0,0.0,0.16667,0.0,0.0,0.0,0.16667,0.0,0.16667,0.0,0.0,0.0,10,1,1,0,0,0,0,-1,0,0,,,0,,0.0,0,-1,0,0,,,0,,0.0,0,-1,0,0,,,0,,0.0,1,1,10,,,0,,0.0,0,-1,0,0,,,0,,0.0,0,-1,0,0,,,0,,0.0,0,-1,0,0,,,0,,0.0,0,-1,0,0,,,0,,0.0,"ProtTryp(pos1,sev10)",0.0,0.0,0.0,0.0,0.0,0.2,0.35,0.6,0.9,0.0,0.0,2.03956,2.03956,,,,True,False,False,True,0.0,0.0,100000.25,100000.25,0.0,0.22512,0.0,0.0,0.0,0.0,0.0,0.0,0.22512,0.0,0.0,0.0,0.94161,0.94161,0.31113,0.0,False,False,False,False,False,False,False,False,False,False,False,False,18.88472,1.9726,18.83751,19.90266,21.40503,False,False,True,True,0.0,18.23046,6.0671,0.6033,0.53207,0.6033,0.6033,0.6033,0.6033,0.5306,0.01801,0.01801,0.01944,0.82737,0.79249,0.88654,5.87491,False,False,False,False,False,False,False,True,False,False,True,True,11974.17773,11654.80664,0,,1.9726,-6.0671,-19.7135,-517.52557,-6.0671,-18.88472,-1.9726,False,1,True,False,False,True,True,True,True,True,True,True,2.0754788635235966,3.4161086338339826,-0.672364312220872,-3.2045787564043833,-0.20711813563427425,-2.0385562791620058,-0.9109110110510453,-1.3686429192793437,0.0757812936355035,1.7823589970645841,20.0,52.0,18.0,17.0,8.0,21.5,52.0,24,0.6
1SVZ_44,36,STVPPW,STVPPW,6,0.56989,7.92428,0.80052,18.41922,1.3446,0,305.36914,482.96591,19.2685,19.2685,1.0,0.0,0.0,1SVZ_44.cif,238,0,238.0,238.0,0.0,0.0,0.0,0.0,0.16667,0.33333,0.16667,0.16667,0.0,0.0,0.0,0.0,0.0,0.0,0.0,0.0,0.0,0.0,0.0,0.0,0.16667,10,1,1,0,0,0,0,-1,0,0,,,0,,0.0,0,-1,0,0,,,0,,0.0,0,-1,0,0,,,0,,0.0,-1,0,0,,,0,,0.0,0,-1,0,0,,,0,,0.0,0,6,1,10,,,0,,0.0,0,-1,0,0,,,0,,0.0,0,-1,0,0,,,0,,0.0,"TrpOx(pos6,sev10)",0.0,0.0,0.0,0.0,0.1,0.25,0.35,0.65,0.8,0.0,0.0,1.3446,1.3446,,,,True,False,True,True,0.0,0.0,100000.25,100000.25,0.0,0.21352,0.0,0.0,0.0,0.0,0.0,0.0,0.21352,0.0,0.0,0.0,0.84747,0.84747,0.36761,0.0,False,False,False,False,False,False,False,False,False,False,False,False,18.41922,1.80507,18.49959,14.56182,15.43486,False,False,True,True,0.0,18.52671,7.92428,0.56989,0.51445,0.56989,0.56989,0.56989,0.56989,0.51372,0.00653,0.00653,0.01159,0.88745,0.85854,1.0006,8.81744,False,False,False,False,False,False,True,True,False,False,False,True,11941.92188,11636.55273,0,,1.80507,-7.92428,-19.2685,-482.96591,-7.92428,-18.41922,-1.80507,False,1,True,False,False,True,True,True,True,True,True,True,1.7609428372385072,3.4733531949794543,-0.19177561507274926,-3.2633966772019636,-0.2856057451621785,-2.0657520662836992,-0.9109110110510453,-1.5930214012008896,0.05965650500679895,1.4757580199203935,37.0,49.0,53.0,27.5,8.0,27.0,53.0,25,0.5882352941176471
1SVZ_51,37,STGPLS,STGPLS,6,0.57908,7.12823,0.79771,19.32474,2.21572,1,319.5459,275.68036,10.947,10.947,1.0,0.0,0.0,1SVZ_51.cif,238,0,238.0,238.0,0.0,0.16667,0.0,0.0,0.33333,0.16667,0.16667,0.0,0.0,0.0,0.0,0.16667,0.0,0.0,0.0,0.0,0.0,0.0,0.0,0.0,0.0,0,0,0,0,0,0,0,-1,0,0,,,0,,0.0,0,-1,0,0,,,0,,0.0,0,-1,0,0,,,0,,0.0,-1,0,0,,,0,,0.0,0,-1,0,0,,,0,,0.0,0,-1,0,0,,,0,,0.0,0,-1,0,0,,,0,,0.0,0,-1,0,0,,,0,,0.0,,0.0,0.0,0.0,0.0,0.05,0.25,0.25,0.65,0.85,0.0,0.0,2.21572,2.21572,,,,True,False,False,True,0.0,0.0,100000.25,100000.25,0.0,0.20013,0.0,0.0,0.0,0.0,0.0,0.0,0.20013,0.0,0.0,0.0,0.97874,0.97874,0.31813,0.0,False,False,False,False,False,False,False,False,False,False,False,False,19.32474,2.3793,19.1087,23.45324,29.44351,False,False,False,True,0.0,19.01186,7.12823,0.57908,0.51167,0.57908,0.57908,0.57908,0.57908,0.51051,0.01225,0.01225,0.01447,0.85073,0.8094,0.95505,6.55503,False,False,False,False,False,False,False,True,False,False,False,True,11898.70703,11579.16113,0,,2.3793,-7.12823,-10.947,-275.68036,-7.12823,-19.32474,-2.3793,False,1,True,False,False,True,True,True,True,True,True,True,1.8474614269290186,3.406329354638297,-0.39777214333859484,-4.3632917961167195,-0.7563669537266399,-2.038216748200479,-0.9109110110510453,-1.3686429192793437,0.07020541483637076,1.5793592990347047,36.0,54.0,38.0,17.0,8.0,21.0,54.0,26,0.5764705882352941
1SVZ_31,38,SVYPPL,SVYPPL,6,0.56042,8.07069,0.84108,18.34609,1.99268,1,329.9834,483.0159,19.0015,19.0015,1.0,0.0,0.0,1SVZ_31.cif,238,0,238.0,238.0,0.0,0.0,0.0,0.0,0.16667,0.33333,0.0,0.16667,0.0,0.0,0.0,0.16667,0.0,0.0,0.0,0.0,0.0,0.0,0.0,0.16667,0.0,0,0,0,0,0,0,0,-1,0,0,,,0,,0.0,0,-1,0,0,,,0,,0.0,0,-1,0,0,,,0,,0.0,-1,0,0,,,0,,0.0,0,-1,0,0,,,0,,0.0,0,-1,0,0,,,0,,0.0,0,-1,0,0,,,0,,0.0,0,-1,0,0,,,0,,0.0,,0.0,0.0,0.0,0.05,0.1,0.2,0.45,0.6,0.8,0.0,0.0,1.99268,1.99268,,,,True,False,True,True,0.0,0.0,100000.25,100000.25,0.0,0.198,0.0,0.0,0.0,0.0,0.0,0.0,0.198,0.0,0.0,0.0,0.94586,0.94586,0.411,0.0,False,False,False,False,False,False,False,False,False,False,False,False,18.34609,2.0977,18.41686,15.0239,15.70955,False,False,False,True,0.0,18.27413,8.07069,0.56042,0.5225,0.56042,0.56042,0.56042,0.56042,0.52172,0.01276,0.01599,0.01276,0.86869,0.83167,0.90915,6.6546,False,False,False,False,False,False,True,True,False,False,False,True,11926.86035,11596.87695,0,,2.0977,-8.07069,-19.0015,-483.0159,-8.07069,-18.34609,-2.0977,False,1,True,False,False,True,True,True,True,True,True,True,1.6717882078185793,4.440786278337943,-0.15388860834779164,-3.2986874296805118,-0.28549221407997755,-2.0179441413076766,-0.9109110110510453,-1.3686429192793437,0.06819612334821665,1.618427982134137,43.0,12.0,54.0,17.0,8.0,18.0,54.0,26,0.5647058823529412
1SVZ_97,39,DDPFYK,DDPFYK,6,0.54783,6.81013,0.85659,18.86226,2.46184,0,301.4707,285.73425,14.5515,14.5515,1.0,0.0,0.0,1SVZ_97.cif,238,0,238.0,238.0,0.0,0.0,0.0,0.0,0.0,0.16667,0.0,0.0,0.0,0.0,0.33333,0.0,0.0,0.0,0.0,0.16667,0.0,0.16667,0.0,0.16667,0.0,10,1,1,0,0,0,0,-1,0,0,,,0,,0.0,0,-1,0,0,,,0,,0.0,0,2,2,10,,,0,,0.0,-1,0,0,,,0,,0.0,0,-1,0,0,,,0,,0.0,0,-1,0,0,,,0,,0.0,0,-1,0,0,,,0,,0.0,0,-1,0,0,,,0,,0.0,"AspCleave(pos2,sev10)",0.0,0.0,0.0,0.0,0.05,0.15,0.25,0.5,0.85,0.0,0.0,2.46184,2.46184,,,,True,False,False,True,0.0,0.0,100000.25,100000.25,0.0,0.25643,0.0,0.0,0.0,0.0,0.0,0.0,0.25643,0.0,0.0,0.0,0.75891,0.75891,0.30715,0.0,False,False,False,False,False,False,False,False,False,False,False,False,18.86226,2.26912,18.85328,18.71801,19.72767,False,False,False,True,0.0,18.54154,6.81013,0.54783,0.52832,0.54783,0.54783,0.54783,0.54783,0.52824,0.01537,0.01654,0.01537,0.80009,0.75494,0.88557,5.78312,False,False,False,False,False,False,True,True,False,False,False,True,11962.28418,11660.81348,0,,2.26912,-6.81013,-14.5515,-285.73425,-6.81013,-18.86226,-2.26912,False,1,True,False,False,True,True,True,True,True,True,True,1.5532605642708608,4.810729254740558,-0.4800879471717278,-3.886866637656317,-0.733533806856662,-2.073323950510303,-0.9109110110510453,-1.5930214012008896,0.07741865569866363,1.775485255525147,54.0,3.0,33.0,27.5,8.0,29.0,54.0,26,0.5529411764705883
1SVZ_40,40,GAYPPL,GAYPPL,6,0.54818,8.31597,0.84362,19.07812,1.76247,2,318.94629,422.25287,15.8865,15.8865,1.0,0.0,0.0,1SVZ_40.cif,238,0,238.0,238.0,0.0,0.16667,0.16667,0.0,0.0,0.33333,0.0,0.0,0.0,0.0,0.0,0.16667,0.0,0.0,0.0,0.0,0.0,0.0,0.0,0.16667,0.0,0,0,0,0,0,0,0,-1,0,0,,,0,,0.0,0,-1,0,0,,,0,,0.0,0,-1,0,0,,,0,,0.0,-1,0,0,,,0,,0.0,0,-1,0,0,,,0,,0.0,0,-1,0,0,,,0,,0.0,0,-1,0,0,,,0,,0.0,0,-1,0,0,,,0,,0.0,,0.0,0.0,0.0,0.05,0.1,0.25,0.4,0.65,0.8,0.0,0.0,1.76247,1.76247,,,,True,False,True,True,0.0,0.0,100000.25,100000.25,0.0,0.18509,0.0,0.0,0.0,0.0,0.0,0.0,0.18509,0.0,0.0,0.0,0.97144,0.97144,0.36722,0.0,False,False,False,False,False,False,False,False,False,False,False,False,19.07812,1.93797,19.09929,17.70794,18.80742,False,False,True,True,0.0,19.09465,8.31597,0.54818,0.51799,0.54818,0.54818,0.54818,0.54818,0.51748,0.01122,0.01544,0.01122,0.8409,0.78817,0.93727,7.40749,False,False,False,False,False,False,True,True,False,False,False,True,11742.58398,11423.6377,0,,1.93797,-8.31597,-15.8865,-422.25287,-8.31597,-19.07812,-1.93797,False,1,True,False,False,True,True,True,True,True,True,True,1.5565556139326318,4.501370105550235,-0.09041668013593755,-3.7104128752635757,-0.4234896646443735,-2.039381362123257,-0.9109110110510453,-1.144264437357798,0.06768842195652269,1.5590629387374748,53.0,8.0,55.0,8.5,8.0,22.0,55.0,27,0.5411764705882354
1SVZ_84,41,SRGPFG,SRGPFG,6,0.65787,4.90698,0.79547,18.95337,1.50788,0,343.86719,264.53845,10.146,10.146,1.0,0.0,0.0,1SVZ_84.cif,238,0,238.0,238.0,0.0,0.33333,0.0,0.0,0.16667,0.16667,0.0,0.0,0.0,0.0,0.0,0.0,0.0,0.0,0.0,0.0,0.0,0.16667,0.16667,0.0,0.0,10,1,1,0,0,0,0,-1,0,0,,,0,,0.0,0,-1,0,0,,,0,,0.0,0,-1,0,0,,,0,,0.0,2,1,10,,,0,,0.0,0,-1,0,0,,,0,,0.0,0,-1,0,0,,,0,,0.0,0,-1,0,0,,,0,,0.0,0,-1,0,0,,,0,,0.0,"ProtTryp(pos2,sev10)",0.0,0.0,0.0,0.0,0.05,0.25,0.35,0.6,0.9,0.0,0.0,1.50788,1.50788,,,,True,False,True,True,0.0,0.0,100000.25,100000.25,0.0,0.21722,0.0,0.0,0.0,0.0,0.0,0.0,0.21722,0.0,0.0,0.0,0.93953,0.93953,0.35243,0.0,False,False,False,False,False,False,False,False,False,False,False,False,18.95337,1.48224,18.8816,20.7145,22.4355,False,False,True,True,0.0,17.65942,4.90698,0.65787,0.52222,0.65787,0.65787,0.65787,0.65787,0.51931,0.02731,0.03532,0.02731,0.80368,0.75847,0.91677,4.31965,False,False,False,False,False,True,False,True,False,False,True,True,12227.66211,11883.79492,0,,1.48224,-4.90698,-10.146,-264.53845,-4.90698,-18.95337,-1.48224,False,1,True,False,False,True,True,True,False,True,True,True,2.5892241779317784,3.352901097569189,-0.9725724553924978,-4.4691640535523645,-0.7816710765529366,-1.9909778546631522,-0.9109110110510453,-1.5930214012008896,0.09533165738422059,2.095298872843548,6.0,56.0,8.0,27.5,8.0,14.0,56.0,28,0.5294117647058824
1SVZ_72,42,YPSYLK,YPSYLK,6,0.53434,7.91848,0.79851,19.43568,2.03273,0,342.84961,114.16634,15.664,15.664,1.0,0.0,0.0,1SVZ_72.cif,238,0,238.0,238.0,0.0,0.0,0.0,0.0,0.16667,0.16667,0.0,0.0,0.0,0.0,0.0,0.16667,0.0,0.0,0.0,0.16667,0.0,0.0,0.0,0.33333,0.0,0,0,0,0,0,0,0,-1,0,0,,,0,,0.0,0,-1,0,0,,,0,,0.0,0,-1,0,0,,,0,,0.0,-1,0,0,,,0,,0.0,0,-1,0,0,,,0,,0.0,0,-1,0,0,,,0,,0.0,0,-1,0,0,,,0,,0.0,0,-1,0,0,,,0,,0.0,,0.0,0.0,0.0,0.0,0.1,0.2,0.3,0.55,0.9,0.0,0.0,2.03273,2.03273,,,,True,False,False,True,0.0,0.0,100000.25,100000.25,0.0,0.20744,0.0,0.0,0.0,0.0,0.0,0.0,0.20744,0.0,0.0,0.0,0.83917,0.83917,0.34338,0.0,False,False,False,False,False,False,False,False,False,False,False,False,19.43568,2.22218,19.32797,21.74767,24.89256,False,False,False,True,0.0,18.51258,7.91848,0.53434,0.52993,0.53434,0.53434,0.53434,0.53434,0.52984,0.01109,0.01768,0.01109,0.84142,0.79127,0.87102,7.25387,False,False,False,False,False,False,False,True,False,False,False,True,11806.08203,11463.23242,0,,2.22218,-7.91848,-15.664,-114.16634,-7.91848,-19.43568,-2.22218,False,1,True,False,False,True,True,True,True,True,True,True,1.426259935878587,3.425410875020122,-0.1932765005245953,-3.7398218356623656,-1.1231775454697912,-1.9929542857359166,-0.9109110110510453,-1.5930214012008896,0.0565965086705382,1.3328967495652972,56.0,51.0,52.0,27.5,8.0,15.5,56.0,28,0.5176470588235293
1SVZ_53,43,GRPPFL,GRPPFL,6,0.55251,7.80206,0.79295,17.7355,1.04375,1,391.22363,523.45886,19.313,19.313,1.0,0.0,0.0,1SVZ_53.cif,238,0,238.0,238.0,0.0,0.16667,0.0,0.0,0.0,0.33333,0.0,0.0,0.0,0.0,0.0,0.16667,0.0,0.0,0.0,0.0,0.0,0.16667,0.16667,0.0,0.0,10,1,1,0,0,0,0,-1,0,0,,,0,,0.0,0,-1,0,0,,,0,,0.0,0,-1,0,0,,,0,,0.0,2,1,10,,,0,,0.0,0,-1,0,0,,,0,,0.0,0,-1,0,0,,,0,,0.0,0,-1,0,0,,,0,,0.0,0,-1,0,0,,,0,,0.0,"ProtTryp(pos2,sev10)",0.0,0.0,0.0,0.0,0.1,0.2,0.35,0.6,0.85,0.0,0.0,1.04375,1.04375,,,,True,False,True,True,0.0,0.0,100000.25,100000.25,0.0,0.22668,0.0,0.0,0.0,0.0,0.0,0.0,0.22668,0.0,0.0,0.0,0.90252,0.90252,0.30122,0.0,False,False,False,False,False,False,False,False,False,False,False,False,17.7355,2.15252,17.63841,20.30907,22.04035,False,False,False,True,0.0,19.46115,7.80206,0.55251,0.50884,0.55251,0.55251,0.55251,0.55251,0.50802,0.00634,0.00634,0.01249,0.82316,0.77662,0.96747,7.35224,False,False,False,False,False,False,False,True,False,False,False,True,12077.56543,11686.3418,1,,2.15252,-7.80206,-19.313,-523.45886,-7.80206,-17.7355,-2.15252,False,1,True,False,False,True,True,True,True,True,True,True,1.5973200854625456,3.2927943083664433,-0.22340289437009456,-3.2575148851222058,-0.1936431839496855,-1.8989981189062568,-0.3894733852049158,-1.3686429192793437,0.059484126694546495,1.3868480536063448,50.0,58.0,51.0,17.0,1.5,3.5,58.0,29,0.5058823529411764
1SVZ_74,44,GRPPLD,GRPPLD,6,0.52937,7.47196,0.80831,18.72322,1.69703,1,259.06152,325.34781,10.2795,10.2795,1.0,0.0,0.0,1SVZ_74.cif,238,0,238.0,238.0,0.0,0.16667,0.0,0.0,0.0,0.33333,0.0,0.0,0.0,0.0,0.16667,0.16667,0.0,0.0,0.0,0.0,0.0,0.0,0.16667,0.0,0.0,10,1,1,0,0,0,0,-1,0,0,,,0,,0.0,0,-1,0,0,,,0,,0.0,0,-1,0,0,,,0,,0.0,2,1,10,,,0,,0.0,0,-1,0,0,,,0,,0.0,0,-1,0,0,,,0,,0.0,0,-1,0,0,,,0,,0.0,0,-1,0,0,,,0,,0.0,"ProtTryp(pos2,sev10)",0.0,0.0,0.0,0.0,0.15,0.2,0.35,0.7,0.9,0.0,0.0,1.69703,1.69703,,,,True,False,True,True,0.0,0.0,100000.25,100000.25,0.0,0.23306,0.0,0.0,0.0,0.0,0.0,0.0,0.23306,0.0,0.0,0.0,0.93626,0.93626,0.27868,0.0,False,False,False,False,False,False,False,False,False,False,False,False,18.72322,2.12289,18.73798,17.52873,18.80369,False,False,False,True,0.0,19.16335,7.47196,0.52937,0.51432,0.52937,0.52937,0.52937,0.52937,0.51444,0.00847,0.00847,0.01235,0.85294,0.80105,0.93456,6.83805,False,False,False,False,False,False,True,True,False,False,False,True,11837.39355,11578.33203,0,,2.12289,-7.47196,-10.2795,-325.34781,-7.47196,-18.72322,-2.12289,False,1,True,False,False,True,True,True,True,True,True,True,1.3794702306814335,3.659159499697467,-0.3088239784484258,-4.45151867731309,-0.6435684070439843,-2.1556946939628645,-0.9109110110510453,-1.3686429192793437,0.060936057684099765,1.407149583591437,58.0,40.0,45.0,17.0,8.0,39.0,58.0,29,0.49411764705882355
1SVZ_10,45,SVGPPF,SVGPPF,6,0.58791,6.63686,0.79184,18.2984,2.04848,2,308.34863,369.70425,15.7975,15.7975,1.0,0.0,0.0,1SVZ_10.cif,238,0,238.0,238.0,0.0,0.16667,0.0,0.0,0.16667,0.33333,0.0,0.16667,0.0,0.0,0.0,0.0,0.0,0.0,0.0,0.0,0.0,0.16667,0.0,0.0,0.0,0,0,0,0,0,0,0,-1,0,0,,,0,,0.0,0,-1,0,0,,,0,,0.0,0,-1,0,0,,,0,,0.0,-1,0,0,,,0,,0.0,0,-1,0,0,,,0,,0.0,0,-1,0,0,,,0,,0.0,0,-1,0,0,,,0,,0.0,0,-1,0,0,,,0,,0.0,,0.0,0.0,0.0,0.0,0.1,0.15,0.35,0.65,0.85,0.0,0.0,2.04848,2.04848,,,,True,False,False,True,0.0,0.0,100000.25,100000.25,0.0,0.19659,0.0,0.0,0.0,0.0,0.0,0.0,0.19659,0.0,0.0,0.0,0.72076,0.72076,0.35171,0.0,False,False,False,False,False,False,False,False,False,False,False,False,18.2984,1.37977,18.32362,16.81477,17.7976,False,False,True,True,0.0,18.6029,6.63686,0.58791,0.51288,0.58791,0.58791,0.58791,0.58791,0.51153,0.00825,0.00825,0.01693,0.87441,0.82667,0.97546,6.68475,False,False,False,False,False,False,False,True,False,False,False,True,12107.21582,11798.86719,0,,1.37977,-6.63686,-15.7975,-369.70425,-6.63686,-18.2984,-1.37977,False,1,True,False,False,True,True,True,True,True,True,True,1.930590822681708,3.266318698836661,-0.5249256061788542,-3.7221764594230917,-0.542831566960259,-2.059965045492223,-0.9109110110510453,-1.144264437357798,0.07177288452289653,1.635470311311557,31.0,59.0,26.0,8.5,8.0,25.0,59.0,30,0.48235294117647054
1SVZ_92,46,SGSYLF,SGSYLF,6,0.55954,8.56653,0.82134,18.87593,2.12398,0,345.84375,313.76624,21.6547,21.6547,0.5,0.5,0.0,1SVZ_92.cif,238,0,238.0,238.0,0.0,0.16667,0.0,0.0,0.33333,0.0,0.0,0.0,0.0,0.0,0.0,0.16667,0.0,0.0,0.0,0.0,0.0,0.16667,0.0,0.16667,0.0,5,1,0,1,0,0,0,-1,0,0,,,0,,0.0,0,-1,0,0,,,0,,0.0,0,-1,0,0,,,0,,0.0,-1,0,0,,,0,,0.0,0,4,3,5,,,0,,0.0,0,-1,0,0,,,0,,0.0,0,-1,0,0,,,0,,0.0,0,-1,0,0,,,0,,0.0,"HydroPatch(pos4,sev5)",0.0,0.0,0.0,0.0,0.05,0.15,0.25,0.5,0.7,0.0,0.0,2.12398,2.12398,,,,True,False,False,True,0.0,0.0,100000.25,100000.25,0.0,0.21678,0.0,0.0,0.0,0.0,0.0,0.0,0.21678,0.0,0.0,0.0,0.93165,0.93165,0.31203,0.0,False,False,False,False,False,False,False,False,False,False,False,False,18.87593,2.10211,18.83996,19.48059,21.00406,False,False,False,True,0.0,19.02434,8.56653,0.55954,0.51628,0.55954,0.55954,0.55954,0.55954,0.51517,0.01133,0.01955,0.01133,0.78206,0.73522,0.95424,7.63665,False,False,False,False,False,False,True,True,False,False,False,True,11888.36035,11542.5166,0,,2.10211,-8.56653,-21.6547,-313.76624,-8.56653,-18.87593,-2.10211,False,1,True,False,False,True,True,True,True,True,True,True,1.6635035115261256,3.9699497629164284,-0.02557842861619597,-2.9480004466240164,-0.6698710310825335,-1.9871388104590766,-0.9109110110510453,-1.5930214012008896,0.06010487017737644,1.4696227286402146,45.0,29.0,59.0,27.5,8.0,12.5,59.0,30,0.47058823529411764
1SVZ_56,47,KRPPFE,KRPPFE,6,0.64684,4.76779,0.79133,19.12271,0.62561,0,291.73633,320.02646,11.1695,11.1695,1.0,0.0,0.0,1SVZ_56.cif,238,0,238.0,238.0,0.0,0.0,0.0,0.0,0.0,0.33333,0.0,0.0,0.0,0.0,0.0,0.0,0.0,0.0,0.16667,0.16667,0.0,0.16667,0.16667,0.0,0.0,20,2,2,0,0,0,0,-1,0,0,,,0,,0.0,0,-1,0,0,,,0,,0.0,0,-1,0,0,,,0,,0.0,-1,0,0,,1-2,2,,10.0,0,-1,0,0,,,0,,0.0,0,-1,0,0,,,0,,0.0,0,-1,0,0,,,0,,0.0,0,-1,0,0,,,0,,0.0,"ProtTrypx2(pos1-2,sev10)",0.0,0.0,0.0,0.0,0.05,0.25,0.35,0.6,0.85,0.0,0.0,0.62561,0.62561,,,,True,False,True,True,0.0,0.0,100000.25,100000.25,0.0,0.21362,0.0,0.0,0.0,0.0,0.0,0.0,0.21362,0.0,0.0,0.0,0.8848,0.8848,0.35571,0.0,False,False,False,False,False,False,False,False,False,False,False,False,19.12271,1.1655,19.04383,20.9285,23.08316,False,False,True,True,0.0,17.93611,4.76779,0.64684,0.50559,0.64684,0.64684,0.64684,0.64684,0.50253,0.02976,0.04797,0.02976,0.84218,0.79856,0.93341,4.19454,False,False,False,False,False,True,False,True,False,False,True,True,11810.36133,11518.625,0,,1.1655,-4.76779,-11.1695,-320.02646,-4.76779,-19.12271,-1.1655,False,1,True,False,False,True,True,True,True,True,True,True,2.485383041447955,3.2541542295932477,-1.008591118503261,-4.333882835717929,-0.6556535965672988,-2.0922308780656653,-0.9109110110510453,-1.5930214012008896,0.09178296211180648,2.048420509899136,8.0,60.0,6.0,27.5,8.0,31.0,60.0,31,0.45882352941176474
1SVZ_13,48,SSYPIW,SSYPIW,6,0.54989,8.58577,0.83663,18.79935,1.81179,0,348.77051,364.89084,22.7917,22.7917,1.0,0.0,0.0,1SVZ_13.cif,238,0,238.0,238.0,0.0,0.0,0.0,0.0,0.33333,0.16667,0.0,0.0,0.16667,0.0,0.0,0.0,0.0,0.0,0.0,0.0,0.0,0.0,0.0,0.16667,0.16667,10,1,1,0,0,0,0,-1,0,0,,,0,,0.0,0,-1,0,0,,,0,,0.0,0,-1,0,0,,,0,,0.0,-1,0,0,,,0,,0.0,0,-1,0,0,,,0,,0.0,0,6,1,10,,,0,,0.0,0,-1,0,0,,,0,,0.0,0,-1,0,0,,,0,,0.0,"TrpOx(pos6,sev10)",0.0,0.0,0.0,0.05,0.1,0.2,0.4,0.6,0.8,0.0,0.0,1.81179,1.81179,,,,True,False,True,True,0.0,0.0,100000.25,100000.25,0.0,0.19743,0.0,0.0,0.0,0.0,0.0,0.0,0.19743,0.0,0.0,0.0,0.91393,0.91393,0.35322,0.0,False,False,False,False,False,False,False,False,False,False,False,False,18.79935,2.32637,18.77593,18.74734,20.71662,False,False,False,True,0.0,19.06223,8.58577,0.54989,0.51759,0.54989,0.54989,0.54989,0.54989,0.5168,0.01081,0.01217,0.01081,0.84997,0.77772,0.92108,7.59578,False,False,False,False,False,False,True,True,False,False,False,True,12048.00781,11699.2373,0,,2.32637,-8.58577,-22.7917,-364.89084,-8.58577,-18.79935,-2.32637,False,1,True,False,False,True,True,True,True,True,True,True,1.572654285137286,4.334645321214045,-0.02059962928972797,-2.797717354608625,-0.5537631862116553,-1.981454206392051,-0.9109110110510453,-1.5930214012008896,0.06113450880857446,1.5042306300136146,52.0,15.0,60.0,27.5,8.0,9.5,60.0,31,0.44705882352941173
1SVZ_04,49,GTYPPL,GTYPPL,6,0.52288,8.75956,0.82325,18.15183,1.87929,0,310.07715,350.6384,15.9755,15.9755,1.0,0.0,0.0,1SVZ_04.cif,238,0,238.0,238.0,0.0,0.16667,0.0,0.0,0.0,0.33333,0.16667,0.0,0.0,0.0,0.0,0.16667,0.0,0.0,0.0,0.0,0.0,0.0,0.0,0.16667,0.0,0,0,0,0,0,0,0,-1,0,0,,,0,,0.0,0,-1,0,0,,,0,,0.0,0,-1,0,0,,,0,,0.0,-1,0,0,,,0,,0.0,0,-1,0,0,,,0,,0.0,0,-1,0,0,,,0,,0.0,0,-1,0,0,,,0,,0.0,0,-1,0,0,,,0,,0.0,,0.0,0.0,0.0,0.0,0.1,0.25,0.45,0.65,0.8,0.0,0.0,1.87929,1.87929,,,,True,False,True,True,0.0,0.0,100000.25,100000.25,0.0,0.18688,0.0,0.0,0.0,0.0,0.0,0.0,0.18688,0.0,0.0,0.0,0.97102,0.97102,0.33589,0.0,False,False,False,False,False,False,False,False,False,False,False,False,18.15183,1.7852,18.23028,14.43212,15.18996,False,False,True,True,0.0,19.16886,8.75956,0.52288,0.51572,0.52288,0.52288,0.52288,0.52288,0.51569,0.00908,0.00908,0.01056,0.85992,0.80571,0.94612,7.41564,False,False,False,False,False,False,True,True,False,False,False,True,12136.87012,11826.79297,0,,1.7852,-8.75956,-15.9755,-350.6384,-8.75956,-18.15183,-1.7852,False,1,True,False,False,True,True,True,True,True,True,True,1.3183705955245872,4.015506892828036,0.02437259186135722,-3.698649291104059,-0.5861315586302464,-2.056607765830776,-0.9109110110510453,-1.5930214012008896,0.053967508472420184,1.320700580030899,60.0,26.0,61.0,27.5,8.0,24.5,61.0,32,0.43529411764705883
1SVZ_71,50,GPPPLG,GPPPLG,6,0.50826,7.70138,0.80104,18.68251,2.03631,0,276.12109,471.10388,10.6355,10.6355,1.0,0.0,0.0,1SVZ_71.cif,238,0,238.0,238.0,0.0,0.33333,0.0,0.0,0.0,0.5,0.0,0.0,0.0,0.0,0.0,0.16667,0.0,0.0,0.0,0.0,0.0,0.0,0.0,0.0,0.0,0,0,0,0,0,0,0,-1,0,0,,,0,,0.0,0,-1,0,0,,,0,,0.0,0,-1,0,0,,,0,,0.0,-1,0,0,,,0,,0.0,0,-1,0,0,,,0,,0.0,0,-1,0,0,,,0,,0.0,0,-1,0,0,,,0,,0.0,0,-1,0,0,,,0,,0.0,,0.0,0.0,0.0,0.0,0.15,0.2,0.45,0.6,0.85,0.0,0.0,2.03631,2.03631,,,,True,False,False,True,0.0,0.0,100000.25,100000.25,0.0,0.24543,0.0,0.0,0.0,0.0,0.0,0.0,0.24543,0.0,0.0,0.0,0.98644,0.98644,0.27612,0.0,False,False,False,False,False,False,False,False,False,False,False,False,18.68251,2.55074,18.48689,24.02826,26.26551,False,False,False,True,0.0,19.8716,7.70138,0.50826,0.51255,0.50826,0.50826,0.53851,0.50826,0.51269,0.00631,0.00631,0.01113,0.83536,0.78814,0.93536,7.01654,False,False,False,False,False,False,True,True,False,False,False,True,11785.1543,11509.0332,0,,2.55074,-7.70138,-10.6355,-471.10388,-7.70138,-18.68251,-2.55074,False,1,True,False,False,False,True,True,False,True,True,True,1.4655180989916918,3.485756183227639,-0.24945619562730864,-4.404464340675026,-0.31254531513619693,-2.122560135268709,-0.9109110110510453,-1.5930214012008896,0.005768495699915357,1.383140954493128,61.0,46.0,48.0,27.5,8.0,34.5,61.0,32,0.42352941176470593
1SVZ_50,51,STGYLT,STGYLT,6,0.59172,7.05673,0.79057,18.9293,1.81685,2,317.77637,108.43689,14.1065,14.1065,1.0,0.0,0.0,1SVZ_50.cif,238,0,238.0,238.0,0.0,0.16667,0.0,0.0,0.16667,0.0,0.33333,0.0,0.0,0.0,0.0,0.16667,0.0,0.0,0.0,0.0,0.0,0.0,0.0,0.16667,0.0,0,0,0,0,0,0,0,-1,0,0,,,0,,0.0,0,-1,0,0,,,0,,0.0,0,-1,0,0,,,0,,0.0,-1,0,0,,,0,,0.0,0,-1,0,0,,,0,,0.0,0,-1,0,0,,,0,,0.0,0,-1,0,0,,,0,,0.0,0,-1,0,0,,,0,,0.0,,0.0,0.0,0.0,0.0,0.0,0.25,0.3,0.6,0.9,0.0,0.0,1.81685,1.81685,,,,True,False,True,True,0.0,0.0,100000.25,100000.25,0.0,0.19485,0.0,0.0,0.0,0.0,0.0,0.0,0.19485,0.0,0.0,0.0,0.95896,0.95896,0.3686,0.0,False,False,False,False,False,False,False,False,False,False,False,False,18.9293,2.00581,18.86322,20.41256,22.31068,False,False,False,True,0.0,18.50482,7.05673,0.59172,0.52108,0.59172,0.59172,0.59172,0.59172,0.51953,0.01566,0.01866,0.01566,0.83658,0.79596,0.94233,6.24631,False,False,False,False,False,False,False,True,False,False,False,True,12052.45703,11734.68066,0,,2.00581,-7.05673,-14.1065,-108.43689,-7.05673,-18.9293,-2.00581,False,1,True,False,False,True,True,True,True,True,True,True,1.9664597918569902,3.236026785230515,-0.41627443813290177,-3.9456845584538973,-1.1361895610512422,-2.041653680998086,-0.9109110110510453,-1.144264437357798,0.07244137998443465,1.6002990490420597,30.0,62.0,36.0,8.5,8.0,23.0,62.0,33,0.4117647058823529
1SVZ_66,52,SKGPLD,SKGPLD,6,0.60794,6.22707,0.78724,18.72643,2.104,1,326.84082,235.33701,9.345,9.345,1.0,0.0,0.0,1SVZ_66.cif,238,0,238.0,238.0,0.0,0.16667,0.0,0.0,0.16667,0.16667,0.0,0.0,0.0,0.0,0.16667,0.16667,0.0,0.0,0.0,0.16667,0.0,0.0,0.0,0.0,0.0,10,1,1,0,0,0,0,-1,0,0,,,0,,0.0,0,-1,0,0,,,0,,0.0,0,-1,0,0,,,0,,0.0,2,1,10,,,0,,0.0,0,-1,0,0,,,0,,0.0,0,-1,0,0,,,0,,0.0,0,-1,0,0,,,0,,0.0,0,-1,0,0,,,0,,0.0,"ProtTryp(pos2,sev10)",0.0,0.0,0.0,0.0,0.1,0.25,0.3,0.6,0.8,0.0,0.0,2.104,2.104,,,,True,False,False,True,0.0,0.0,100000.25,100000.25,0.0,0.18779,0.0,0.0,0.0,0.0,0.0,0.0,0.18779,0.0,0.0,0.0,0.89006,0.89006,0.35279,0.0,False,False,False,False,False,False,False,False,False,False,False,False,18.72643,1.91565,18.74051,17.67435,18.69743,False,False,True,True,0.0,18.27099,6.22707,0.60794,0.52941,0.60794,0.60794,0.60794,0.60794,0.52773,0.01517,0.01517,0.01886,0.82581,0.76303,0.91376,5.36331,False,False,False,False,False,False,False,True,False,False,True,True,12053.0918,11726.25098,0,,1.91565,-6.22707,-9.345,-235.33701,-6.22707,-18.72643,-1.91565,False,1,True,False,False,True,True,True,True,True,True,True,2.1191618076110808,3.156599956641173,-0.6309683388188403,-4.5750363109880094,-0.847989761990598,-2.0240479294723888,-0.9109110110510453,-1.3686429192793437,0.07863895846710257,1.731372049900203,17.0,64.0,20.0,17.0,8.0,19.5,64.0,34,0.4
1SVZ_25,53,STYPSW,STYPSW,6,0.53223,9.09397,0.8417,17.51833,3.11893,3,353.01758,229.21729,17.266,17.266,1.0,0.0,0.0,1SVZ_25.cif,238,0,238.0,238.0,0.0,0.0,0.0,0.0,0.33333,0.16667,0.16667,0.0,0.0,0.0,0.0,0.0,0.0,0.0,0.0,0.0,0.0,0.0,0.0,0.16667,0.16667,10,1,1,0,0,0,0,-1,0,0,,,0,,0.0,0,-1,0,0,,,0,,0.0,0,-1,0,0,,,0,,0.0,-1,0,0,,,0,,0.0,0,-1,0,0,,,0,,0.0,0,6,1,10,,,0,,0.0,0,-1,0,0,,,0,,0.0,0,-1,0,0,,,0,,0.0,"TrpOx(pos6,sev10)",0.0,0.0,0.0,0.0,0.1,0.25,0.45,0.7,0.8,0.0,0.0,3.11893,3.11893,,,,False,False,False,True,0.0,0.0,100000.25,100000.25,0.0,0.19002,0.0,0.0,0.0,0.0,0.0,0.0,0.19002,0.0,0.0,0.0,0.87865,0.87865,0.34824,0.0,False,False,False,False,False,False,False,False,False,False,False,False,17.51833,2.97784,17.40368,20.32244,22.74446,False,False,False,True,0.0,19.09193,9.09397,0.53223,0.51158,0.53223,0.53223,0.53223,0.53223,0.51136,0.00659,0.00659,0.00925,0.84691,0.78445,0.94959,8.48264,False,False,False,False,False,False,True,True,False,False,False,True,12074.29297,11721.27539,0,,2.97784,-9.09397,-17.266,-229.21729,-9.09397,-17.51833,-2.97784,False,1,True,False,False,False,False,True,True,True,True,True,1.4063954936319079,4.4555744566338555,0.11090898909442226,-3.528077320791076,-0.861888110347616,-1.9732051831052282,-0.9109110110510453,-0.919885955436252,0.0006253862840014545,1.4093094931417656,57.0,9.0,64.0,3.5,8.0,8.0,64.0,34,0.388235294117647
1SVZ_73,54,SSPPLD,SSPPLD,6,0.49537,8.42562,0.81873,18.70528,1.59242,0,263.67188,326.77084,11.7035,11.7035,1.0,0.0,0.0,1SVZ_73.cif,238,0,238.0,238.0,0.0,0.0,0.0,0.0,0.33333,0.33333,0.0,0.0,0.0,0.0,0.16667,0.16667,0.0,0.0,0.0,0.0,0.0,0.0,0.0,0.0,0.0,0,0,0,0,0,0,0,-1,0,0,,,0,,0.0,0,-1,0,0,,,0,,0.0,0,-1,0,0,,,0,,0.0,-1,0,0,,,0,,0.0,0,-1,0,0,,,0,,0.0,0,-1,0,0,,,0,,0.0,0,-1,0,0,,,0,,0.0,0,-1,0,0,,,0,,0.0,,0.0,0.0,0.0,0.0,0.05,0.2,0.25,0.55,0.85,0.0,0.0,1.59242,1.59242,,,,True,False,True,True,0.0,0.0,100000.25,100000.25,0.0,0.22648,0.0,0.0,0.0,0.0,0.0,0.0,0.22648,0.0,0.0,0.0,0.91015,0.91015,0.31417,0.0,False,False,False,False,False,False,False,False,False,False,False,False,18.70528,1.92549,18.72791,17.46693,18.16535,False,False,True,True,0.0,19.45971,8.42562,0.49537,0.51828,0.49537,0.49537,0.51703,0.49537,0.5194,0.00633,0.00633,0.01019,0.86687,0.8088,0.92212,7.44293,False,False,False,False,False,False,True,True,False,False,False,False,11806.3125,11542.64062,0,,1.92549,-8.42562,-11.7035,-326.77084,-8.42562,-18.70528,-1.92549,False,1,True,False,False,True,True,True,True,True,True,True,1.2632961940349798,3.9076963026707268,-0.06204218189543756,-4.263301330760832,-0.6403365979640774,-2.146740057707602,-0.9109110110510453,-1.5930214012008896,0.054636449070957466,1.3116746109063124,64.0,31.0,57.0,27.5,8.0,38.0,64.0,34,0.3764705882352941
1SVZ_38,55,SVGPAF,SVGPAF,6,0.49154,8.92987,0.79394,18.80781,2.02477,0,306.70605,470.53882,14.9075,14.9075,1.0,0.0,0.0,1SVZ_38.cif,238,0,238.0,238.0,0.0,0.16667,0.16667,0.0,0.16667,0.16667,0.0,0.16667,0.0,0.0,0.0,0.0,0.0,0.0,0.0,0.0,0.0,0.16667,0.0,0.0,0.0,0,0,0,0,0,0,0,-1,0,0,,,0,,0.0,0,-1,0,0,,,0,,0.0,0,-1,0,0,,,0,,0.0,-1,0,0,,,0,,0.0,0,-1,0,0,,,0,,0.0,0,-1,0,0,,,0,,0.0,0,-1,0,0,,,0,,0.0,0,-1,0,0,,,0,,0.0,,0.0,0.0,0.0,0.0,0.1,0.25,0.4,0.75,0.85,0.0,0.0,2.02477,2.02477,,,,True,False,False,True,0.0,0.0,100000.25,100000.25,0.0,0.19045,0.0,0.0,0.0,0.0,0.0,0.0,0.19045,0.0,0.0,0.0,0.88156,0.88156,0.37697,0.0,False,False,False,False,False,False,False,False,False,False,False,False,18.80781,1.53762,18.85972,16.22639,17.15369,False,False,True,True,0.0,19.77554,8.92987,0.49154,0.51092,0.49154,0.49154,0.49154,0.49154,0.51168,0.0063,0.0063,0.00909,0.87183,0.8078,0.99834,8.51977,False,False,False,False,False,False,False,True,False,False,False,False,11947.69141,11640.98535,0,,1.53762,-8.92987,-14.9075,-470.53882,-8.92987,-18.80781,-1.53762,False,1,True,False,False,True,True,True,True,True,True,True,1.0233224343819736,3.3164076898389494,0.0684442817413345,-3.8398123010182528,-0.3138286092611924,-2.0631554051214427,-0.9109110110510453,-1.5930214012008896,0.039768375566830445,1.0452327990240455,65.0,57.0,63.0,27.5,8.0,26.0,65.0,35,0.3647058823529412
1SVZ_60,56,GTGPLD,GTGPLD,6,0.52536,8.52796,0.78613,19.021,2.97097,1,280.44531,233.89908,10.68,10.68,1.0,0.0,0.0,1SVZ_60.cif,238,0,238.0,238.0,0.0,0.33333,0.0,0.0,0.0,0.16667,0.16667,0.0,0.0,0.0,0.16667,0.16667,0.0,0.0,0.0,0.0,0.0,0.0,0.0,0.0,0.0,0,0,0,0,0,0,0,-1,0,0,,,0,,0.0,0,-1,0,0,,,0,,0.0,0,-1,0,0,,,0,,0.0,-1,0,0,,,0,,0.0,0,-1,0,0,,,0,,0.0,0,-1,0,0,,,0,,0.0,0,-1,0,0,,,0,,0.0,0,-1,0,0,,,0,,0.0,,0.0,0.0,0.0,0.0,0.0,0.2,0.3,0.6,0.8,0.0,0.0,2.97097,2.97097,,,,False,False,False,True,0.0,0.0,100000.25,100000.25,0.0,0.18801,0.0,0.0,0.0,0.0,0.0,0.0,0.18801,0.0,0.0,0.0,0.9435,0.9435,0.35493,0.0,False,False,False,False,False,False,False,False,False,False,False,False,19.021,1.92698,19.04243,17.61733,18.76718,False,False,True,True,0.0,19.62466,8.52796,0.52536,0.52367,0.52536,0.52536,0.52536,0.52536,0.52416,0.00652,0.00652,0.01064,0.86112,0.78147,0.96232,7.70007,False,False,False,False,False,False,False,True,False,False,False,True,12035.00586,11754.56055,0,,1.92698,-8.52796,-10.68,-233.89908,-8.52796,-19.021,-1.92698,False,1,True,False,False,True,False,True,False,True,True,True,1.341718375985139,3.1301243471113906,-0.035559316870971,-4.398582548595267,-0.8512554101008066,-2.114161264640877,-0.9109110110510453,-1.3686429192793437,0.005017755617429887,1.1769359465647222,59.0,66.0,58.0,17.0,8.0,34.0,66.0,36,0.3529411764705882
1SVZ_43,57,SQWPPW,SQWPPW,6,0.48329,9.90015,0.79668,18.36948,2.4454,3,343.72168,530.82111,23.1166,23.1166,1.0,0.0,0.0,1SVZ_43.cif,238,0,238.0,238.0,0.0,0.0,0.0,0.0,0.16667,0.33333,0.0,0.0,0.0,0.0,0.0,0.0,0.0,0.16667,0.0,0.0,0.0,0.0,0.0,0.0,0.33333,20,2,2,0,0,0,0,-1,0,0,,,0,,0.0,0,-1,0,0,,,0,,0.0,0,-1,0,0,,,0,,0.0,-1,0,0,,,0,,0.0,0,-1,0,0,,,0,,0.0,0,-1,0,0,,3-6,2,,10.0,0,-1,0,0,,,0,,0.0,0,-1,0,0,,,0,,0.0,"TrpOxx2(pos3-6,sev10)",0.0,0.0,0.0,0.0,0.1,0.3,0.4,0.75,0.85,0.0,0.0,2.4454,2.4454,,,,True,False,False,True,0.0,0.0,100000.25,100000.25,0.0,0.20791,0.0,0.0,0.0,0.0,0.0,0.0,0.20791,0.0,0.0,0.0,0.87402,0.87402,0.3638,0.0,False,False,False,False,False,False,False,False,False,False,False,False,18.36948,1.71531,18.18855,23.13093,25.67432,False,False,True,True,0.0,20.09748,9.90015,0.48329,0.49573,0.48329,0.48329,0.48329,0.48329,0.49655,0.00618,0.00618,0.00691,0.89525,0.85325,0.99851,10.69537,False,False,False,False,False,False,False,True,False,False,False,False,11871.95508,11528.2334,0,,1.71531,-9.90015,-23.1166,-530.82111,-9.90015,-18.36948,-1.71531,False,1,True,False,False,True,True,True,True,True,True,True,0.94565340664022,3.381761897146699,0.3195268914339226,-2.7547736636712457,-0.1769229557053447,-1.9912604766539521,-0.9109110110510453,-0.919885955436252,0.03447518914047846,0.9268029855118589,66.0,55.0,67.0,3.5,8.0,14.5,67.0,37,0.3411764705882353
1SVZ_78,58,EPYNLD,EPYNLD,6,0.49853,9.39816,0.78535,19.32221,2.63081,0,328.63867,142.50226,14.7295,14.7295,1.0,0.0,0.0,1SVZ_78.cif,238,0,238.0,238.0,0.0,0.0,0.0,0.0,0.0,0.16667,0.0,0.0,0.0,0.16667,0.16667,0.16667,0.0,0.0,0.16667,0.0,0.0,0.0,0.0,0.16667,0.0,0,0,0,0,0,0,0,-1,0,0,,,0,,0.0,0,-1,0,0,,,0,,0.0,0,-1,0,0,,,0,,0.0,-1,0,0,,,0,,0.0,0,-1,0,0,,,0,,0.0,0,-1,0,0,,,0,,0.0,0,-1,0,0,,,0,,0.0,0,-1,0,0,,,0,,0.0,,0.0,0.0,0.0,0.0,0.05,0.2,0.35,0.55,0.8,0.0,0.0,2.63081,2.63081,,,,False,False,False,True,0.0,0.0,100000.25,100000.25,0.0,0.2142,0.0,0.0,0.0,0.0,0.0,0.0,0.2142,0.0,0.0,0.0,0.91016,0.91016,0.34115,0.0,False,False,False,False,False,False,False,False,False,False,False,False,19.32221,2.88831,18.49539,38.75223,40.82716,False,False,False,True,0.0,20.92502,9.39816,0.49853,0.50977,0.49853,0.49853,0.49853,0.49853,0.51382,0.00619,0.00619,0.00915,0.83067,0.79738,0.90003,8.28123,False,False,False,False,False,False,False,True,False,False,False,False,12034.46484,11705.82617,1,,2.88831,-9.39816,-14.7295,-142.50226,-9.39816,-19.32221,-2.88831,False,1,True,False,False,False,False,True,True,True,True,True,1.0891292833413502,3.111519864739112,0.18962525557666282,-3.8633394693372844,-1.0588245216097785,-2.020555991144032,-0.3894733852049158,-1.5930214012008896,0.00041716266221998236,0.9821055840536973,63.0,69.0,65.0,27.5,1.5,18.5,69.0,38,0.3294117647058824
1SVZ_76,59,KPPDLD,KPPDLD,6,0.47625,8.80881,0.82283,19.09779,0.54293,0,224.94141,321.81967,10.68,10.68,1.0,0.0,0.0,1SVZ_76.cif,238,0,238.0,238.0,0.0,0.0,0.0,0.0,0.0,0.33333,0.0,0.0,0.0,0.0,0.33333,0.16667,0.0,0.0,0.0,0.16667,0.0,0.0,0.0,0.0,0.0,10,1,1,0,0,0,0,-1,0,0,,,0,,0.0,0,-1,0,0,,,0,,0.0,0,-1,0,0,,,0,,0.0,1,1,10,,,0,,0.0,0,-1,0,0,,,0,,0.0,0,-1,0,0,,,0,,0.0,0,-1,0,0,,,0,,0.0,0,-1,0,0,,,0,,0.0,"ProtTryp(pos1,sev10)",0.0,0.0,0.0,0.0,0.1,0.2,0.35,0.65,0.85,0.0,0.0,0.54293,0.54293,,,,True,False,True,True,0.0,0.0,100000.25,100000.25,0.0,0.23273,0.0,0.0,0.0,0.0,0.0,0.0,0.23273,0.0,0.0,0.0,0.83864,0.83864,0.30935,0.0,False,False,False,False,False,False,False,False,False,False,False,False,19.09779,1.43669,19.04873,20.16716,21.71242,False,False,True,True,0.0,19.9051,8.80881,0.47625,0.5152,0.47625,0.47625,0.47625,0.47625,0.5165,0.00568,0.00568,0.00912,0.85203,0.80153,0.93969,7.6389,False,False,False,False,False,False,True,True,False,False,False,False,11991.53711,11766.5957,0,,1.43669,-8.80881,-10.68,-321.81967,-8.80881,-19.09779,-1.43669,False,1,True,False,False,True,True,True,True,True,True,True,0.8793758363005902,4.005489094627576,0.037117179534358495,-4.398582548595267,-0.6515810806258361,-2.221965695368296,-0.9109110110510453,-1.5930214012008896,0.04599181408643276,1.138001281632008,69.0,27.0,62.0,27.5,8.0,41.5,69.0,38,0.3176470588235294
1SVZ_94,60,GDGGFS,GDGGFS,6,0.61147,5.88903,0.78038,18.95977,1.80229,3,304.36914,179.90976,8.9445,8.9445,1.0,0.0,0.0,1SVZ_94.cif,238,0,238.0,238.0,0.0,0.5,0.0,0.0,0.16667,0.0,0.0,0.0,0.0,0.0,0.16667,0.0,0.0,0.0,0.0,0.0,0.0,0.16667,0.0,0.0,0.0,10,1,1,0,0,0,0,-1,0,0,,,0,,0.0,0,-1,0,0,,,0,,0.0,0,2,2,10,,,0,,0.0,-1,0,0,,,0,,0.0,0,-1,0,0,,,0,,0.0,0,-1,0,0,,,0,,0.0,0,-1,0,0,,,0,,0.0,0,-1,0,0,,,0,,0.0,"AspCleave(pos2,sev10)",0.0,0.0,0.0,0.0,0.1,0.2,0.3,0.7,0.85,0.0,0.0,1.80229,1.80229,,,,True,False,True,True,0.0,0.0,100000.25,100000.25,0.0,0.2101,0.0,0.0,0.0,0.0,0.0,0.0,0.2101,0.0,0.0,0.0,0.9851,0.9851,0.33312,0.0,False,False,False,False,False,False,False,False,False,False,False,False,18.95977,2.04012,18.99165,16.95727,18.47836,False,False,False,True,0.0,18.34821,5.88903,0.61147,0.51904,0.61147,0.61147,0.61147,0.61147,0.5172,0.02015,0.02097,0.02015,0.79163,0.74227,0.92794,5.19544,False,False,False,False,False,False,False,True,False,False,True,True,12143.72852,11839.35938,1,,2.04012,-5.88903,-8.9445,-179.90976,-5.88903,-18.95977,-2.04012,False,1,True,False,False,True,True,True,False,True,True,True,2.1523947370569454,2.9929759193670282,-0.7184440833260779,-4.6279724397058315,-0.9738692514070311,-2.0676943519740276,-0.3894733852049158,-0.919885955436252,0.08453015521566214,1.746930712026615,16.0,70.0,14.0,3.5,1.5,28.0,70.0,39,0.3058823529411765
1SVZ_46,61,SAYPYW,SAYPYW,6,0.505,10.21231,0.82575,18.53603,2.25539,0,338.05859,367.55273,21.0375,21.0375,1.0,0.0,0.0,1SVZ_46.cif,238,0,238.0,238.0,0.0,0.0,0.16667,0.0,0.16667,0.16667,0.0,0.0,0.0,0.0,0.0,0.0,0.0,0.0,0.0,0.0,0.0,0.0,0.0,0.33333,0.16667,10,1,1,0,0,0,0,-1,0,0,,,0,,0.0,0,-1,0,0,,,0,,0.0,0,-1,0,0,,,0,,0.0,-1,0,0,,,0,,0.0,0,-1,0,0,,,0,,0.0,0,6,1,10,,,0,,0.0,0,-1,0,0,,,0,,0.0,0,-1,0,0,,,0,,0.0,"TrpOx(pos6,sev10)",0.0,0.0,0.0,0.05,0.15,0.2,0.45,0.6,0.8,0.0,0.0,2.25539,2.25539,,,,True,False,False,True,0.0,0.0,100000.25,100000.25,0.0,0.22688,0.0,0.0,0.0,0.0,0.0,0.0,0.22688,0.0,0.0,0.0,0.8094,0.8094,0.32545,0.0,False,False,False,False,False,False,False,False,False,False,False,False,18.53603,1.72351,18.51504,18.5527,20.16935,False,False,True,True,0.0,20.03453,10.21231,0.505,0.52473,0.505,0.505,0.505,0.505,0.52524,0.00603,0.00603,0.0074,0.82076,0.76145,0.92661,10.01678,False,False,False,False,False,False,True,True,False,False,False,True,11896.33887,11558.28027,0,,1.72351,-10.21231,-21.0375,-367.55273,-10.21231,-18.53603,-1.72351,False,1,True,False,False,True,True,True,True,True,True,True,1.1500406299460955,4.075136644021235,0.40030558154568247,-3.029578920143716,-0.5477178320928291,-2.002259815323994,-0.9109110110510453,-1.5930214012008896,0.04222110155918283,1.1149213481644122,62.0,24.0,71.0,27.5,8.0,17.0,71.0,40,0.2941176470588235
1SVZ_90,62,DDPLPS,DDPLPS,6,0.46087,10.06412,0.78662,18.8721,1.74123,0,260.96484,291.66052,12.6825,12.6825,1.0,0.0,0.0,1SVZ_90.cif,238,0,238.0,238.0,0.0,0.0,0.0,0.0,0.16667,0.33333,0.0,0.0,0.0,0.0,0.33333,0.16667,0.0,0.0,0.0,0.0,0.0,0.0,0.0,0.0,0.0,10,1,1,0,0,0,0,-1,0,0,,,0,,0.0,0,-1,0,0,,,0,,0.0,0,2,2,10,,,0,,0.0,-1,0,0,,,0,,0.0,0,-1,0,0,,,0,,0.0,0,-1,0,0,,,0,,0.0,0,-1,0,0,,,0,,0.0,0,-1,0,0,,,0,,0.0,"AspCleave(pos2,sev10)",0.0,0.0,0.0,0.0,0.0,0.1,0.25,0.65,0.7,0.0,0.0,1.74123,1.74123,,,,True,False,True,True,0.0,0.0,100000.25,100000.25,0.0,0.2212,0.0,0.0,0.0,0.0,0.0,0.0,0.2212,0.0,0.0,0.0,0.91139,0.91139,0.3188,0.0,False,False,False,False,False,False,False,False,False,False,False,False,18.8721,1.89452,18.85187,19.17259,20.13576,False,False,True,True,0.0,20.53918,10.06412,0.46087,0.50418,0.46087,0.46087,0.46087,0.46087,0.50569,0.00538,0.00538,0.0076,0.85393,0.78982,0.98185,9.01735,False,False,False,False,False,False,False,True,False,False,False,False,11994.43848,11733.47363,0,,1.89452,-10.06412,-12.6825,-291.66052,-10.06412,-18.8721,-1.89452,False,1,True,False,False,True,True,True,True,True,True,True,0.7345819397347513,3.1418117783452577,0.3619579582510206,-4.133901905006155,-0.7200747981246046,-2.151997902762749,-0.9109110110510453,-1.5930214012008896,0.027946194024818877,0.7774119482625439,71.0,65.0,69.0,27.5,8.0,38.5,71.0,40,0.2823529411764706
1SVZ_28,63,GQWPPL,GQWPPL,6,0.61464,4.85671,0.77923,20.51119,2.70509,4,318.46582,536.40399,20.8101,20.8101,1.0,0.0,0.0,1SVZ_28.cif,238,0,238.0,238.0,0.0,0.16667,0.0,0.0,0.0,0.33333,0.0,0.0,0.0,0.0,0.0,0.16667,0.0,0.16667,0.0,0.0,0.0,0.0,0.0,0.0,0.16667,10,1,1,0,0,0,0,-1,0,0,,,0,,0.0,0,-1,0,0,,,0,,0.0,0,-1,0,0,,,0,,0.0,-1,0,0,,,0,,0.0,0,-1,0,0,,,0,,0.0,0,3,1,10,,,0,,0.0,0,-1,0,0,,,0,,0.0,0,-1,0,0,,,0,,0.0,"TrpOx(pos3,sev10)",0.0,0.0,0.0,0.0,0.1,0.2,0.45,0.7,0.85,0.0,0.0,2.70509,2.70509,,,,False,False,False,True,0.0,0.0,100000.25,100000.25,0.0,0.19248,0.0,0.0,0.0,0.0,0.0,0.0,0.19248,0.0,0.0,0.0,0.93226,0.93226,0.37068,0.0,False,False,False,False,False,False,False,False,False,False,False,False,20.51119,2.35116,20.47379,17.66479,27.89864,False,False,False,True,0.0,18.34348,4.85671,0.61464,0.50571,0.61464,0.61464,0.61464,0.61464,0.50346,0.02187,0.0237,0.02187,0.86123,0.82243,0.92475,5.60512,False,False,False,False,False,True,False,True,False,False,True,True,12062.1582,11743.69238,0,,2.35116,-4.85671,-20.8101,-536.40399,-4.85671,-20.51119,-2.35116,False,1,True,False,False,True,False,True,True,True,True,True,2.182238472564989,2.965546233818156,-0.9855809918863413,-3.059635538546795,-0.1642438117125754,-2.040314572128889,-0.9109110110510453,-0.695507473514706,0.008250746927884545,1.8602370325441633,15.0,72.0,7.0,2.0,8.0,22.5,72.0,41,0.2705882352941177
1SVZ_68,64,SRGPLS,SRGPLS,6,0.58773,6.79937,0.77595,18.30653,1.93832,3,292.40625,242.20789,9.434,9.434,1.0,0.0,0.0,1SVZ_68.cif,238,0,238.0,238.0,0.0,0.16667,0.0,0.0,0.33333,0.16667,0.0,0.0,0.0,0.0,0.0,0.16667,0.0,0.0,0.0,0.0,0.0,0.0,0.16667,0.0,0.0,10,1,1,0,0,0,0,-1,0,0,,,0,,0.0,0,-1,0,0,,,0,,0.0,0,-1,0,0,,,0,,0.0,2,1,10,,,0,,0.0,0,-1,0,0,,,0,,0.0,0,-1,0,0,,,0,,0.0,0,-1,0,0,,,0,,0.0,0,-1,0,0,,,0,,0.0,"ProtTryp(pos2,sev10)",0.0,0.0,0.0,0.0,0.1,0.2,0.3,0.65,0.95,0.0,0.0,1.93832,1.93832,,,,True,False,True,True,0.0,0.0,100000.25,100000.25,0.0,0.20668,0.0,0.0,0.0,0.0,0.0,0.0,0.20668,0.0,0.0,0.0,0.90538,0.90538,0.32264,0.0,False,False,False,False,False,False,False,False,False,False,False,False,18.30653,1.55618,18.26076,19.38371,20.64301,False,False,True,True,0.0,18.6179,6.79937,0.58773,0.52453,0.58773,0.58773,0.58773,0.58773,0.52341,0.01323,0.01323,0.01727,0.85732,0.79329,0.93636,5.71598,False,False,False,False,False,False,False,True,False,False,False,True,11901.90039,11609.49414,0,,1.55618,-6.79937,-9.434,-242.20789,-6.79937,-18.30653,-1.55618,False,1,True,False,False,True,True,True,True,True,True,True,1.9288962257127962,2.887312000252678,-0.4828723484582558,-4.563272726828493,-0.8323854722911885,-2.0909297020360005,-0.9109110110510453,-0.919885955436252,0.07104994664405585,1.5421698297189566,32.0,73.0,32.0,3.5,8.0,30.0,73.0,42,0.2588235294117647
1SVZ_54,65,DFYYYD,DFYYYD,6,0.48197,10.72287,0.83194,19.46194,1.43665,0,367.16797,160.50273,20.6152,20.6152,1.0,0.0,0.0,1SVZ_54.cif,238,0,238.0,238.0,0.0,0.0,0.0,0.0,0.0,0.0,0.0,0.0,0.0,0.0,0.33333,0.0,0.0,0.0,0.0,0.0,0.0,0.16667,0.0,0.5,0.0,5,1,0,1,0,0,0,-1,0,0,,,0,,0.0,0,-1,0,0,,,0,,0.0,0,-1,0,0,,,0,,0.0,-1,0,0,,,0,,0.0,0,2,4,5,,,0,,0.0,0,-1,0,0,,,0,,0.0,0,-1,0,0,,,0,,0.0,0,-1,0,0,,,0,,0.0,"HydroPatch(pos2,sev5)",0.0,0.0,0.0,0.05,0.15,0.15,0.3,0.55,0.85,0.0,0.0,1.43665,1.43665,,,,True,False,True,True,0.0,0.0,100000.25,100000.25,0.0,0.2124,0.0,0.0,0.0,0.0,0.0,0.0,0.2124,0.0,0.0,0.0,0.98516,0.98516,0.30967,0.0,False,False,False,False,False,False,False,False,False,False,False,False,19.46194,1.48033,18.58429,39.92359,41.8204,False,False,True,True,0.0,21.45,10.72287,0.48197,0.49155,0.48197,0.48197,0.48197,0.48197,0.49776,0.00575,0.00575,0.00703,0.80277,0.77834,0.92963,9.39851,False,False,False,False,False,False,True,True,False,False,False,False,12175.47656,11808.30859,1,,1.48033,-10.72287,-20.6152,-160.50273,-10.72287,-19.46194,-1.48033,False,1,True,False,False,True,True,True,True,True,True,True,0.9332263622015395,4.2227799079756005,0.5324249050447215,-3.085396466105106,-1.0179440887386577,-1.9457210830956622,-0.3894733852049158,-1.5930214012008896,0.04116425105160573,1.0048765644578475,67.0,17.0,73.0,27.5,1.5,5.5,73.0,42,0.24705882352941178
1SVZ_57,66,GTGPLT,GTGPLT,6,0.54624,8.40825,0.77591,18.95922,2.0641,0,306.81641,247.53708,11.125,11.125,1.0,0.0,0.0,1SVZ_57.cif,238,0,238.0,238.0,0.0,0.33333,0.0,0.0,0.0,0.16667,0.33333,0.0,0.0,0.0,0.0,0.16667,0.0,0.0,0.0,0.0,0.0,0.0,0.0,0.0,0.0,0,0,0,0,0,0,0,-1,0,0,,,0,,0.0,0,-1,0,0,,,0,,0.0,0,-1,0,0,,,0,,0.0,-1,0,0,,,0,,0.0,0,-1,0,0,,,0,,0.0,0,-1,0,0,,,0,,0.0,0,-1,0,0,,,0,,0.0,0,-1,0,0,,,0,,0.0,,0.0,0.0,0.0,0.0,0.1,0.25,0.3,0.6,0.9,0.0,0.0,2.0641,2.0641,,,,True,False,False,True,0.0,0.0,100000.25,100000.25,0.0,0.19785,0.0,0.0,0.0,0.0,0.0,0.0,0.19785,0.0,0.0,0.0,0.96999,0.96999,0.33426,0.0,False,False,False,False,False,False,False,False,False,False,False,False,18.95922,1.70929,18.88392,20.98767,22.39412,False,False,True,True,0.0,19.54985,8.40825,0.54624,0.53006,0.54624,0.54624,0.54624,0.54624,0.5298,0.006,0.006,0.01132,0.8578,0.80198,0.95924,7.44238,False,False,False,False,False,False,False,True,False,False,False,True,11908.95312,11602.13672,0,,1.70929,-8.40825,-11.125,-247.53708,-8.40825,-18.95922,-1.70929,False,1,True,False,False,True,True,True,False,True,True,True,1.5382916243788127,2.886357924233586,-0.06653707505036209,-4.339764627797687,-0.8202824775331379,-2.0629410544726574,-0.9109110110510453,-1.5930214012008896,0.05118014417849753,1.2192030646183871,55.0,74.0,56.0,27.5,8.0,25.5,74.0,43,0.23529411764705888
1SVZ_65,67,SPPNLE,SPPNLE,6,0.46618,10.15632,0.77577,17.90961,1.63752,2,305.11523,192.6665,11.748,11.748,1.0,0.0,0.0,1SVZ_65.cif,238,0,238.0,238.0,0.0,0.0,0.0,0.0,0.16667,0.33333,0.0,0.0,0.0,0.16667,0.0,0.16667,0.0,0.0,0.16667,0.0,0.0,0.0,0.0,0.0,0.0,0,0,0,0,0,0,0,-1,0,0,,,0,,0.0,0,-1,0,0,,,0,,0.0,0,-1,0,0,,,0,,0.0,-1,0,0,,,0,,0.0,0,-1,0,0,,,0,,0.0,0,-1,0,0,,,0,,0.0,0,-1,0,0,,,0,,0.0,0,-1,0,0,,,0,,0.0,,0.0,0.0,0.0,0.0,0.05,0.2,0.4,0.65,0.9,0.0,0.0,1.63752,1.63752,,,,True,False,True,True,0.0,0.0,100000.25,100000.25,0.0,0.2077,0.0,0.0,0.0,0.0,0.0,0.0,0.2077,0.0,0.0,0.0,0.89762,0.89762,0.33444,0.0,False,False,False,False,False,False,False,False,False,False,False,False,17.90961,2.01219,17.73341,22.41182,25.1565,False,False,False,True,0.0,20.67577,10.15632,0.46618,0.50969,0.46618,0.46618,0.46618,0.46618,0.51087,0.00593,0.00593,0.0083,0.83894,0.75658,0.9503,7.95436,False,False,False,False,False,False,False,True,False,False,False,False,11959.34375,11654.22852,0,,2.01219,-10.15632,-11.748,-192.6665,-10.15632,-17.90961,-2.01219,False,1,True,False,False,True,True,True,True,True,True,True,0.7845725503176253,2.8830186581667663,0.38581686146829414,-4.2574195386810745,-0.9448977271510344,-2.0662452320433307,-0.9109110110510453,-1.144264437357798,0.029528795009501698,0.7361060071730858,70.0,75.0,70.0,8.5,8.0,27.5,75.0,44,0.22352941176470587
1SVZ_02,68,SSYPPW,SSYPPW,6,0.42805,11.56482,0.79074,20.08662,2.39083,0,271.20801,279.33774,18.512,18.512,1.0,0.0,0.0,1SVZ_02.cif,238,0,238.0,238.0,0.0,0.0,0.0,0.0,0.33333,0.33333,0.0,0.0,0.0,0.0,0.0,0.0,0.0,0.0,0.0,0.0,0.0,0.0,0.0,0.16667,0.16667,10,1,1,0,0,0,0,-1,0,0,,,0,,0.0,0,-1,0,0,,,0,,0.0,0,-1,0,0,,,0,,0.0,-1,0,0,,,0,,0.0,0,-1,0,0,,,0,,0.0,0,6,1,10,,,0,,0.0,0,-1,0,0,,,0,,0.0,0,-1,0,0,,,0,,0.0,"TrpOx(pos6,sev10)",0.0,0.0,0.0,0.05,0.1,0.2,0.4,0.65,0.8,0.0,0.0,2.39083,2.39083,,,,True,False,False,True,0.0,0.0,100000.25,100000.25,0.0,0.20768,0.0,0.0,0.0,0.0,0.0,0.0,0.20768,0.0,0.0,0.0,0.87643,0.87643,0.38653,0.0,False,False,False,False,False,False,False,False,False,False,False,False,20.08662,2.24862,19.23694,39.4806,42.86601,False,False,False,True,0.0,21.39958,11.56482,0.42805,0.4921,0.42805,0.42805,0.42805,0.42805,0.50061,0.00491,0.00491,0.00624,0.85988,0.81217,0.9344,10.34421,False,False,False,False,False,False,False,True,False,False,False,False,11965.65918,11694.45117,0,,2.24862,-11.56482,-18.512,-279.33774,-11.56482,-20.08662,-2.24862,False,1,True,False,False,True,True,True,True,True,True,True,0.4256004257366473,3.2400816083116526,0.7502991302484505,-3.3633871425578503,-0.748060766300746,-2.1321027402481474,-0.9109110110510453,-1.5930214012008896,0.013312752622564093,0.5181368398576093,73.0,61.0,75.0,27.5,8.0,36.0,75.0,44,0.21176470588235297
1SVZ_81,69,DEPYFG,DEPYFG,6,0.47752,9.4796,0.77517,18.94747,2.1228,0,343.67676,234.57819,15.486,15.486,1.0,0.0,0.0,1SVZ_81.cif,238,0,238.0,238.0,0.0,0.16667,0.0,0.0,0.0,0.16667,0.0,0.0,0.0,0.0,0.16667,0.0,0.0,0.0,0.16667,0.0,0.0,0.16667,0.0,0.16667,0.0,0,0,0,0,0,0,0,-1,0,0,,,0,,0.0,0,-1,0,0,,,0,,0.0,0,-1,0,0,,,0,,0.0,-1,0,0,,,0,,0.0,0,-1,0,0,,,0,,0.0,0,-1,0,0,,,0,,0.0,0,-1,0,0,,,0,,0.0,0,-1,0,0,,,0,,0.0,,0.0,0.0,0.0,0.0,0.0,0.15,0.3,0.6,0.75,0.0,0.0,2.1228,2.1228,,,,True,False,False,True,0.0,0.0,100000.25,100000.25,0.0,0.2392,0.0,0.0,0.0,0.0,0.0,0.0,0.2392,0.0,0.0,0.0,0.88259,0.88259,0.30443,0.0,False,False,False,False,False,False,False,False,False,False,False,False,18.94747,1.71578,18.9892,16.92295,17.61427,False,False,True,True,0.0,20.15355,9.4796,0.47752,0.50447,0.47752,0.47752,0.47752,0.47752,0.50542,0.00653,0.00653,0.00799,0.79766,0.72781,0.95786,9.08153,False,False,False,False,False,False,False,True,False,False,False,False,11983.34375,11639.66699,0,,1.71578,-9.4796,-15.486,-234.57819,-9.4796,-18.94747,-1.71578,False,1,True,False,False,True,True,True,True,True,True,True,0.8913321593590178,2.8687075178803996,0.21069975750740866,-3.7633490039813977,-0.8497130997740704,-1.9913477241271613,-0.9109110110510453,-1.5930214012008896,0.03162272073951881,0.8459944643167235,68.0,76.0,66.0,27.5,8.0,15.0,76.0,45,0.19999999999999996
1SVZ_23,70,STYPIW,STYPIW,6,0.4169,12.0527,0.79786,18.81467,1.61717,2,343.94531,409.10083,23.2465,23.2465,1.0,0.0,0.0,1SVZ_23.cif,238,0,238.0,238.0,0.0,0.0,0.0,0.0,0.16667,0.16667,0.16667,0.0,0.16667,0.0,0.0,0.0,0.0,0.0,0.0,0.0,0.0,0.0,0.0,0.16667,0.16667,10,1,1,0,0,0,0,-1,0,0,,,0,,0.0,0,-1,0,0,,,0,,0.0,0,-1,0,0,,,0,,0.0,-1,0,0,,,0,,0.0,0,-1,0,0,,,0,,0.0,0,6,1,10,,,0,,0.0,0,-1,0,0,,,0,,0.0,0,-1,0,0,,,0,,0.0,"TrpOx(pos6,sev10)",0.0,0.0,0.0,0.0,0.1,0.25,0.4,0.65,0.8,0.0,0.0,1.61717,1.61717,,,,True,False,True,True,0.0,0.0,100000.25,100000.25,0.0,0.21414,0.0,0.0,0.0,0.0,0.0,0.0,0.21414,0.0,0.0,0.0,0.8602,0.8602,0.33829,0.0,False,False,False,False,False,False,False,False,False,False,False,False,18.81467,1.79797,18.8916,15.14135,15.98172,False,False,True,True,0.0,21.22308,12.0527,0.4169,0.51802,0.4169,0.4169,0.4169,0.4169,0.52063,0.00551,0.00555,0.00551,0.8686,0.81368,0.96452,11.29845,False,False,False,False,False,False,False,True,False,False,False,False,11985.33398,11641.38867,0,,1.79797,-12.0527,-23.2465,-409.10083,-12.0527,-18.81467,-1.79797,False,1,True,False,False,True,True,True,True,True,True,True,0.32062955794021664,3.4099071397098886,0.8765494740840649,-2.7376041178024684,-0.45335894518750897,-1.9908261233050235,-0.9109110110510453,-1.144264437357798,0.01090025109026993,0.4596134614844384,74.0,53.0,76.0,8.5,8.0,13.5,76.0,45,0.18823529411764706
1SVZ_59,71,GKGPFT,GKGPFT,6,0.60663,5.92568,0.77343,18.83385,3.26991,2,395.30469,277.02841,10.146,10.146,1.0,0.0,0.0,1SVZ_59.cif,238,0,238.0,238.0,0.0,0.33333,0.0,0.0,0.0,0.16667,0.16667,0.0,0.0,0.0,0.0,0.0,0.0,0.0,0.0,0.16667,0.0,0.16667,0.0,0.0,0.0,10,1,1,0,0,0,0,-1,0,0,,,0,,0.0,0,-1,0,0,,,0,,0.0,0,-1,0,0,,,0,,0.0,2,1,10,,,0,,0.0,0,-1,0,0,,,0,,0.0,0,-1,0,0,,,0,,0.0,0,-1,0,0,,,0,,0.0,0,-1,0,0,,,0,,0.0,"ProtTryp(pos2,sev10)",0.0,0.0,0.0,0.0,0.05,0.2,0.3,0.65,0.9,0.0,0.0,3.26991,3.26991,,,,False,False,False,True,0.0,0.0,100000.25,100000.25,0.0,0.19638,0.0,0.0,0.0,0.0,0.0,0.0,0.19638,0.0,0.0,0.0,0.91187,0.91187,0.39084,0.0,False,False,False,False,False,False,False,False,False,False,False,False,18.83385,2.30402,18.85081,17.62636,18.73584,False,False,False,True,0.0,18.50677,5.92568,0.60663,0.51809,0.60663,0.60663,0.60663,0.60663,0.51611,0.01861,0.02672,0.01861,0.83604,0.76584,0.95826,5.74967,False,False,False,False,False,False,False,True,False,False,True,True,12126.76367,11731.45898,0,,2.30402,-5.92568,-10.146,-277.02841,-5.92568,-18.83385,-2.30402,False,1,True,False,False,True,False,True,False,True,True,True,2.1068289074484503,2.82720521104993,-0.7089600399105346,-4.4691640535523645,-0.7533054299146553,-1.8910715344668851,-0.9109110110510453,-1.144264437357798,0.0077899922952164415,1.69175662115358,19.0,77.0,15.0,8.5,8.0,2.5,77.0,46,0.17647058823529416
1SVZ_11,72,GQYPPI,GQYPPI,6,0.64669,3.80512,0.76525,17.7699,1.85449,3,270.30273,296.14505,14.1065,14.1065,1.0,0.0,0.0,1SVZ_11.cif,238,0,238.0,238.0,0.0,0.16667,0.0,0.0,0.0,0.33333,0.0,0.0,0.16667,0.0,0.0,0.0,0.0,0.16667,0.0,0.0,0.0,0.0,0.0,0.16667,0.0,0,0,0,0,0,0,0,-1,0,0,,,0,,0.0,0,-1,0,0,,,0,,0.0,0,-1,0,0,,,0,,0.0,-1,0,0,,,0,,0.0,0,-1,0,0,,,0,,0.0,0,-1,0,0,,,0,,0.0,0,-1,0,0,,,0,,0.0,0,-1,0,0,,,0,,0.0,,0.0,0.0,0.0,0.0,0.1,0.2,0.35,0.7,0.85,0.0,0.0,1.85449,1.85449,,,,True,False,True,True,0.0,0.0,100000.25,100000.25,0.0,0.18287,0.0,0.0,0.0,0.0,0.0,0.0,0.18287,0.0,0.0,0.0,0.92211,0.92211,0.34457,0.0,False,False,False,False,False,False,False,False,False,False,False,False,17.7699,1.72889,17.53374,23.85533,26.77788,False,False,True,True,0.0,18.63088,3.80512,0.64669,0.49984,0.64669,0.64669,0.64669,0.64669,0.49726,0.02921,0.04518,0.02921,0.84135,0.79643,0.92756,4.63322,False,False,False,False,True,True,False,True,False,False,True,True,11940.78125,11670.47852,0,,1.72889,-3.80512,-14.1065,-296.14505,-3.80512,-17.7699,-1.72889,False,1,True,False,False,True,True,True,True,True,True,True,2.483970877307196,2.6320966651457782,-1.2577044629736855,-3.9456845584538973,-0.7098900903017795,-2.133861052637888,-0.9109110110510453,-0.919885955436252,0.09286076122237767,2.023089469141508,9.0,78.0,1.0,3.5,8.0,36.5,78.0,47,0.16470588235294115
1SVZ_49,73,SAYPPW,SAYPPW,6,0.3921,12.14475,0.77981,19.40448,2.42662,0,274.36426,493.10611,19.046,19.046,1.0,0.0,0.0,1SVZ_49.cif,238,0,238.0,238.0,0.0,0.0,0.16667,0.0,0.16667,0.33333,0.0,0.0,0.0,0.0,0.0,0.0,0.0,0.0,0.0,0.0,0.0,0.0,0.0,0.16667,0.16667,10,1,1,0,0,0,0,-1,0,0,,,0,,0.0,0,-1,0,0,,,0,,0.0,0,-1,0,0,,,0,,0.0,-1,0,0,,,0,,0.0,0,-1,0,0,,,0,,0.0,0,6,1,10,,,0,,0.0,0,-1,0,0,,,0,,0.0,0,-1,0,0,,,0,,0.0,"TrpOx(pos6,sev10)",0.0,0.0,0.0,0.05,0.1,0.25,0.35,0.5,0.75,0.0,0.0,2.42662,2.42662,,,,True,False,False,True,0.0,0.0,100000.25,100000.25,0.0,0.21506,0.0,0.0,0.0,0.0,0.0,0.0,0.21506,0.0,0.0,0.0,0.86488,0.86488,0.36435,0.0,False,False,False,False,False,False,False,False,False,False,False,False,19.40448,1.80863,18.45398,41.02143,43.08834,False,False,True,True,0.0,21.99383,12.14475,0.3921,0.50735,0.3921,0.3921,0.3921,0.3921,0.51625,0.00481,0.00481,0.00582,0.84108,0.81367,0.92059,10.54868,False,False,False,False,False,False,False,True,False,False,False,False,12130.40332,11856.03906,0,,1.80863,-12.14475,-19.046,-493.10611,-12.14475,-19.40448,-1.80863,False,1,True,False,False,True,True,True,True,True,True,True,0.08715175333470264,2.9793803360949793,0.900369561298274,-3.292805637600754,-0.2625765817347937,-2.1259724010380485,-0.9109110110510453,-1.5930214012008896,-0.0005973462940948154,0.2705889440335673,78.0,71.0,78.0,27.5,8.0,35.0,78.0,47,0.15294117647058825
1SVZ_07,74,STYPPW,STYPPW,6,0.40285,12.59311,0.78544,19.52913,2.4877,2,273.51172,396.08029,19.135,19.135,1.0,0.0,0.0,1SVZ_07.cif,238,0,238.0,238.0,0.0,0.0,0.0,0.0,0.16667,0.33333,0.16667,0.0,0.0,0.0,0.0,0.0,0.0,0.0,0.0,0.0,0.0,0.0,0.0,0.16667,0.16667,10,1,1,0,0,0,0,-1,0,0,,,0,,0.0,0,-1,0,0,,,0,,0.0,0,-1,0,0,,,0,,0.0,-1,0,0,,,0,,0.0,0,-1,0,0,,,0,,0.0,0,6,1,10,,,0,,0.0,0,-1,0,0,,,0,,0.0,0,-1,0,0,,,0,,0.0,"TrpOx(pos6,sev10)",0.0,0.0,0.0,0.0,0.1,0.25,0.35,0.65,0.8,0.0,0.0,2.4877,2.4877,,,,True,False,False,True,0.0,0.0,100000.25,100000.25,0.0,0.22674,0.0,0.0,0.0,0.0,0.0,0.0,0.22674,0.0,0.0,0.0,0.86133,0.86133,0.35241,0.0,False,False,False,False,False,False,False,False,False,False,False,False,19.52913,1.9289,18.56396,41.42031,43.52076,False,False,True,True,0.0,21.95266,12.59311,0.40285,0.49916,0.40285,0.40285,0.40285,0.40285,0.50793,0.00455,0.00455,0.00572,0.84241,0.80964,0.92828,10.5786,False,False,False,False,False,False,False,True,False,False,False,False,12042.94336,11769.43164,0,,1.9289,-12.59311,-19.135,-396.08029,-12.59311,-19.52913,-1.9289,False,1,True,False,False,True,True,True,True,True,True,True,0.18835685008910877,3.113666535782068,1.0163931821930348,-3.2810420534412374,-0.4829295792551606,-2.1276282772804813,-0.9109110110510453,-1.144264437357798,0.003296829809616036,0.2915187743148432,76.0,68.0,79.0,8.5,8.0,35.5,79.0,48,0.14117647058823535
1SVZ_01,75,SVYPPW,SVYPPW,6,0.39485,12.08455,0.76327,18.86304,1.21401,1,280.55469,463.8501,20.6477,20.6477,1.0,0.0,0.0,1SVZ_01.cif,238,0,238.0,238.0,0.0,0.0,0.0,0.0,0.16667,0.33333,0.0,0.16667,0.0,0.0,0.0,0.0,0.0,0.0,0.0,0.0,0.0,0.0,0.0,0.16667,0.16667,10,1,1,0,0,0,0,-1,0,0,,,0,,0.0,0,-1,0,0,,,0,,0.0,0,-1,0,0,,,0,,0.0,-1,0,0,,,0,,0.0,0,-1,0,0,,,0,,0.0,0,6,1,10,,,0,,0.0,0,-1,0,0,,,0,,0.0,0,-1,0,0,,,0,,0.0,"TrpOx(pos6,sev10)",0.0,0.0,0.0,0.0,0.1,0.25,0.4,0.6,0.8,0.0,0.0,1.21401,1.21401,,,,True,False,True,True,0.0,0.0,100000.25,100000.25,0.0,0.20319,0.0,0.0,0.0,0.0,0.0,0.0,0.20319,0.0,0.0,0.0,0.89975,0.89975,0.39555,0.0,False,False,False,False,False,False,False,False,False,False,False,False,18.86304,2.15819,17.85125,41.15475,43.52035,False,False,False,True,0.0,22.27768,12.08455,0.39485,0.49855,0.39485,0.39485,0.39485,0.39485,0.50729,0.0049,0.0049,0.00633,0.86828,0.821,0.93049,10.59938,False,False,False,False,False,False,False,True,False,False,False,False,11779.03125,11498.47656,0,,2.15819,-12.08455,-20.6477,-463.8501,-12.08455,-18.86304,-2.15819,False,1,True,False,False,True,True,True,True,True,True,True,0.11304142924862029,2.5848699022007637,0.8847914054015289,-3.0811007752603388,-0.3290191997820911,-2.1139488174320693,-0.9109110110510453,-1.3686429192793437,-0.002849755922751945,0.20827398997898933,77.0,79.0,77.0,17.0,8.0,33.5,79.0,48,0.12941176470588234
1SVZ_22,76,GQSTPW,GQSTPW,6,0.41521,11.40236,0.75994,19.5081,1.90878,0,161.92578,277.87579,13.2165,13.2165,1.0,0.0,0.0,1SVZ_22.cif,238,0,238.0,238.0,0.0,0.16667,0.0,0.0,0.16667,0.16667,0.16667,0.0,0.0,0.0,0.0,0.0,0.0,0.16667,0.0,0.0,0.0,0.0,0.0,0.0,0.16667,10,1,1,0,0,0,0,-1,0,0,,,0,,0.0,0,-1,0,0,,,0,,0.0,0,-1,0,0,,,0,,0.0,-1,0,0,,,0,,0.0,0,-1,0,0,,,0,,0.0,0,6,1,10,,,0,,0.0,0,-1,0,0,,,0,,0.0,0,-1,0,0,,,0,,0.0,"TrpOx(pos6,sev10)",0.0,0.0,0.0,0.0,0.1,0.2,0.4,0.6,0.75,0.0,0.0,1.90878,1.90878,,,,True,False,True,True,0.0,0.0,100000.25,100000.25,0.0,0.19632,0.0,0.0,0.0,0.0,0.0,0.0,0.19632,0.0,0.0,0.0,0.87504,0.87504,0.39853,0.0,False,False,False,False,False,False,False,False,False,False,False,False,19.5081,1.87196,18.45407,42.71963,45.11403,False,False,True,True,0.0,22.10002,11.40236,0.41521,0.488,0.41521,0.41521,0.47524,0.41521,0.49635,0.00526,0.00526,0.00614,0.88373,0.86753,0.97876,9.95014,False,False,False,False,False,False,False,True,False,False,False,False,11996.44922,11834.52344,0,,1.87196,-11.40236,-13.2165,-277.87579,-11.40236,-19.5081,-1.87196,False,1,True,False,False,True,True,True,True,True,True,True,0.8698672644194785,2.5054430736114193,0.7082588111955403,-4.063320400049059,-0.7513809656530928,-2.3443600517843244,-0.9109110110510453,-1.5930214012008896,0.016375702863177685,0.565731996011859,75.0,80.0,74.0,27.5,8.0,42.5,80.0,49,0.11764705882352944
1SVZ_77,77,SASYLD,SASYLD,6,0.56158,7.40881,0.75675,19.25485,2.15145,3,359.82227,143.28798,13.7505,13.7505,1.0,0.0,0.0,1SVZ_77.cif,238,0,238.0,238.0,0.0,0.0,0.16667,0.0,0.33333,0.0,0.0,0.0,0.0,0.0,0.16667,0.16667,0.0,0.0,0.0,0.0,0.0,0.0,0.0,0.16667,0.0,0,0,0,0,0,0,0,-1,0,0,,,0,,0.0,0,-1,0,0,,,0,,0.0,0,-1,0,0,,,0,,0.0,-1,0,0,,,0,,0.0,0,-1,0,0,,,0,,0.0,0,-1,0,0,,,0,,0.0,0,-1,0,0,,,0,,0.0,0,-1,0,0,,,0,,0.0,,0.0,0.0,0.0,0.0,0.05,0.15,0.15,0.5,0.65,0.0,0.0,2.15145,2.15145,,,,True,False,False,True,0.0,0.0,100000.25,100000.25,0.0,0.1992,0.0,0.0,0.0,0.0,0.0,0.0,0.1992,0.0,0.0,0.0,0.84954,0.84954,0.42112,0.0,False,False,False,False,False,False,False,False,False,False,False,False,19.25485,2.16158,19.26727,18.12443,19.45868,False,False,False,True,0.0,18.58372,7.40881,0.56158,0.50818,0.56158,0.56158,0.56158,0.56158,0.50693,0.01318,0.01876,0.01318,0.80977,0.77666,0.98445,7.18084,False,False,False,False,False,False,False,True,False,False,False,True,12064.40918,11704.58691,0,,2.16158,-7.40881,-13.7505,-143.28798,-7.40881,-19.25485,-2.16158,False,1,True,False,False,True,True,True,True,True,True,True,1.6827089438404497,2.429355511088897,-0.32516551573878216,-3.9927388950919616,-1.0570400918856935,-1.9599885310911074,-0.9109110110510453,-0.919885955436252,0.05835829286365031,1.2890208860494723,42.0,81.0,43.0,3.5,8.0,7.5,81.0,50,0.10588235294117643
1SVZ_12,78,GYYVPE,GYYVPE,6,0.3746,13.02288,0.81217,18.55355,1.03677,3,393.03418,158.853,15.664,15.664,1.0,0.0,0.0,1SVZ_12.cif,238,0,238.0,238.0,0.0,0.16667,0.0,0.0,0.0,0.16667,0.0,0.16667,0.0,0.0,0.0,0.0,0.0,0.0,0.16667,0.0,0.0,0.0,0.0,0.33333,0.0,5,1,0,1,0,0,0,-1,0,0,,,0,,0.0,0,-1,0,0,,,0,,0.0,0,-1,0,0,,,0,,0.0,-1,0,0,,,0,,0.0,0,2,3,5,,,0,,0.0,0,-1,0,0,,,0,,0.0,0,-1,0,0,,,0,,0.0,0,-1,0,0,,,0,,0.0,"HydroPatch(pos2,sev5)",0.0,0.0,0.0,0.0,0.1,0.2,0.35,0.55,0.85,0.0,0.0,1.03677,1.03677,,,,True,False,True,True,0.0,0.0,100000.25,100000.25,0.0,0.22225,0.0,0.0,0.0,0.0,0.0,0.0,0.22225,0.0,0.0,0.0,0.93607,0.93607,0.29092,0.0,False,False,False,False,False,False,False,False,False,False,False,False,18.55355,1.3895,18.50209,19.9768,20.93655,False,False,True,True,0.0,22.12585,13.02288,0.3746,0.51434,0.3746,0.3746,0.3746,0.3746,0.51795,0.00493,0.00493,0.00556,0.8367,0.77678,0.97814,11.25421,False,False,False,False,False,False,True,True,False,False,False,False,12045.75586,11652.72168,0,,1.3895,-13.02288,-15.664,-158.853,-13.02288,-18.55355,-1.3895,False,1,True,False,False,True,True,True,True,True,True,True,-0.07760072975386594,3.7512278355397677,1.1276062064412764,-3.7398218356623656,-1.0216907507158435,-1.8954815135496326,-0.9109110110510453,-0.919885955436252,0.007155596092152859,0.2681627926298966,81.0,36.0,81.0,3.5,8.0,3.0,81.0,50,0.09411764705882353
1SVZ_62,79,AWPPFS,AWPPFS,6,0.37162,13.05402,0.79003,18.12554,1.06822,0,311.51172,546.0614,21.2974,21.2974,1.0,0.0,0.0,1SVZ_62.cif,238,0,238.0,238.0,0.0,0.0,0.16667,0.0,0.16667,0.33333,0.0,0.0,0.0,0.0,0.0,0.0,0.0,0.0,0.0,0.0,0.0,0.16667,0.0,0.0,0.16667,15,2,1,1,0,0,0,-1,0,0,,,0,,0.0,0,-1,0,0,,,0,,0.0,0,-1,0,0,,,0,,0.0,-1,0,0,,,0,,0.0,0,-1,0,0,,,0,,0.0,0,2,1,10,,,0,,0.0,0,1,1,5,,,0,,0.0,0,-1,0,0,,,0,,0.0,"DPP4(pos1,sev5); TrpOx(pos2,sev10)",0.0,0.0,0.0,0.0,0.05,0.2,0.35,0.55,0.9,0.0,0.0,1.06822,1.06822,,,,True,False,True,True,0.0,0.0,100000.25,100000.25,0.0,0.19719,0.0,0.0,0.0,0.0,0.0,0.0,0.19719,0.0,0.0,0.0,0.81129,0.81129,0.41666,0.0,False,False,False,False,False,False,False,False,False,False,False,False,18.12554,1.75196,17.81597,25.71245,29.47764,False,False,True,True,0.0,22.75897,13.05402,0.37162,0.50304,0.37162,0.37162,0.37162,0.37162,0.50643,0.0048,0.0048,0.00558,0.84097,0.81022,0.97234,11.20545,False,False,False,False,False,False,False,True,False,False,False,False,11652.75684,11341.24512,0,,1.75196,-13.05402,-21.2974,-546.0614,-13.05402,-18.12554,-1.75196,False,1,True,False,False,True,True,True,True,True,True,True,-0.10565572401694771,3.223146758972784,1.1356644086775658,-2.9952266108958714,-0.1423111009992501,-2.053821421048002,-0.9109110110510453,-1.5930214012008896,-0.007431546667089242,0.14810129871675137,82.0,63.0,82.0,27.5,8.0,24.0,82.0,51,0.08235294117647063
1SVZ_05,80,GQWPPW,GQWPPW,6,0.38785,12.96996,0.7376,19.66596,2.22146,3,330.70703,493.01239,22.7268,22.7268,1.0,0.0,0.0,1SVZ_05.cif,238,0,238.0,238.0,0.0,0.16667,0.0,0.0,0.0,0.33333,0.0,0.0,0.0,0.0,0.0,0.0,0.0,0.16667,0.0,0.0,0.0,0.0,0.0,0.0,0.33333,20,2,2,0,0,0,0,-1,0,0,,,0,,0.0,0,-1,0,0,,,0,,0.0,0,-1,0,0,,,0,,0.0,-1,0,0,,,0,,0.0,0,-1,0,0,,,0,,0.0,0,-1,0,0,,3-6,2,,10.0,0,-1,0,0,,,0,,0.0,0,-1,0,0,,,0,,0.0,"TrpOxx2(pos3-6,sev10)",0.0,0.0,0.0,0.0,0.1,0.15,0.35,0.65,0.85,0.0,0.0,2.22146,2.22146,,,,True,False,False,True,0.0,0.0,100000.25,100000.25,0.0,0.20407,0.0,0.0,0.0,0.0,0.0,0.0,0.20407,0.0,0.0,0.0,0.94278,0.94278,0.33256,0.0,False,False,False,False,False,False,False,False,False,False,False,False,19.66596,2.48887,19.60209,20.85554,23.28632,False,False,False,True,0.0,22.23775,12.96996,0.38785,0.49969,0.38785,0.38785,0.38785,0.38785,0.50287,0.0,0.0,0.00551,0.88441,0.83617,1.03904,12.95524,False,False,False,False,False,False,False,False,False,False,False,False,12071.28125,11740.57422,0,,2.48887,-12.96996,-22.7268,-493.01239,-12.96996,-19.66596,-2.48887,False,1,True,False,False,True,True,True,True,True,True,True,0.047140436013192864,1.9725916169489797,1.1139119205599515,-2.8062955187878673,-0.2627894269643173,-2.0165386451135845,-0.9109110110510453,-0.919885955436252,-0.012977198509041952,-0.03219027042890747,80.0,83.0,80.0,3.5,8.0,17.5,83.0,52,0.07058823529411762
1SVZ_16,81,KVGPPW,KVGPPW,6,0.36598,13.12941,0.74666,20.46312,2.23939,2,157.68555,357.92468,15.575,15.575,1.0,0.0,0.0,1SVZ_16.cif,238,0,238.0,238.0,0.0,0.16667,0.0,0.0,0.0,0.33333,0.0,0.16667,0.0,0.0,0.0,0.0,0.0,0.0,0.0,0.16667,0.0,0.0,0.0,0.0,0.16667,20,2,2,0,0,0,0,-1,0,0,,,0,,0.0,0,-1,0,0,,,0,,0.0,0,-1,0,0,,,0,,0.0,1,1,10,,,0,,0.0,0,-1,0,0,,,0,,0.0,0,6,1,10,,,0,,0.0,0,-1,0,0,,,0,,0.0,0,-1,0,0,,,0,,0.0,"ProtTryp(pos1,sev10); TrpOx(pos6,sev10)",0.0,0.0,0.0,0.0,0.1,0.2,0.35,0.6,0.8,0.0,0.0,2.23939,2.23939,,,,True,False,False,True,0.0,0.0,100000.25,100000.25,0.0,0.18125,0.0,0.0,0.0,0.0,0.0,0.0,0.18125,0.0,0.0,0.0,0.82626,0.82626,0.34422,0.0,False,False,False,False,False,False,False,False,False,False,False,False,20.46312,1.76761,19.44407,43.47688,45.78524,False,False,True,True,0.0,23.2425,13.12941,0.36598,0.50688,0.36598,0.36598,0.41584,0.36598,0.51602,0.0,0.0,0.00536,0.85819,0.82145,0.9692,11.40412,False,False,False,False,False,False,False,False,False,False,False,False,11914.75195,11757.06641,0,,1.76761,-13.12941,-15.575,-357.92468,-13.12941,-20.46312,-1.76761,False,1,True,False,False,True,True,True,True,True,True,True,0.3106502646788519,2.188689835273138,1.1551733318180246,-3.751585419821882,-0.5695838640189285,-2.352595789837026,-0.9109110110510453,-1.144264437357798,-0.005925078646437743,0.09992874019895845,83.0,82.0,83.0,8.5,8.0,43.0,83.0,52,0.05882352941176472
1SVZ_33,82,GTGTIW,GTGTIW,6,0.39186,10.42974,0.73076,18.74109,1.7623,0,245.08594,290.32059,18.7345,18.7345,1.0,0.0,0.0,1SVZ_33.cif,238,0,238.0,238.0,0.0,0.33333,0.0,0.0,0.0,0.0,0.33333,0.0,0.16667,0.0,0.0,0.0,0.0,0.0,0.0,0.0,0.0,0.0,0.0,0.0,0.16667,10,1,1,0,0,0,0,-1,0,0,,,0,,0.0,0,-1,0,0,,,0,,0.0,0,-1,0,0,,,0,,0.0,-1,0,0,,,0,,0.0,0,-1,0,0,,,0,,0.0,0,6,1,10,,,0,,0.0,0,-1,0,0,,,0,,0.0,0,-1,0,0,,,0,,0.0,"TrpOx(pos6,sev10)",0.0,0.0,0.0,0.0,0.1,0.25,0.35,0.5,0.8,0.0,0.0,1.7623,1.7623,,,,True,False,True,True,0.0,0.0,100000.25,100000.25,0.0,0.20758,0.0,0.0,0.0,0.0,0.0,0.0,0.20758,0.0,0.0,0.0,0.9614,0.9614,0.37481,0.0,False,False,False,False,False,False,False,False,False,False,False,False,18.74109,1.62256,17.46231,44.82256,47.72755,False,False,True,True,0.0,22.82574,10.42974,0.39186,0.49754,0.39186,0.39186,0.442,0.39186,0.50652,0.00601,0.00601,0.00675,0.84174,0.82434,0.90937,9.47424,False,False,False,False,False,False,False,False,False,False,False,False,12071.63281,11826.54688,0,,1.62256,-10.42974,-18.7345,-290.32059,-10.42974,-18.74109,-1.62256,False,1,True,False,False,True,True,True,False,True,True,True,0.5569316908272491,1.809444617684381,0.45657067185513894,-3.33397818215906,-0.7231178808006127,-2.1828392630109046,-0.9109110110510453,-1.5930214012008896,0.007136425152011246,0.4020333311257203,79.0,84.0,72.0,27.5,8.0,40.5,84.0,53,0.04705882352941182
1SVZ_80,83,DIVNLD,DIVNLD,6,0.36267,13.88643,0.78553,18.29366,2.55277,0,265.42676,331.92218,18.423,18.423,1.0,0.0,0.0,1SVZ_80.cif,238,0,238.0,238.0,0.0,0.0,0.0,0.0,0.0,0.0,0.0,0.16667,0.16667,0.16667,0.33333,0.16667,0.0,0.0,0.0,0.0,0.0,0.0,0.0,0.0,0.0,0,0,0,0,0,0,0,-1,0,0,,,0,,0.0,0,-1,0,0,,,0,,0.0,0,-1,0,0,,,0,,0.0,-1,0,0,,,0,,0.0,0,-1,0,0,,,0,,0.0,0,-1,0,0,,,0,,0.0,0,-1,0,0,,,0,,0.0,0,-1,0,0,,,0,,0.0,,0.0,0.0,0.0,0.0,0.1,0.15,0.35,0.5,0.9,0.0,0.0,2.55277,2.55277,,,,False,False,False,True,0.0,0.0,100000.25,100000.25,0.0,0.19761,0.0,0.0,0.0,0.0,0.0,0.0,0.19761,0.0,0.0,0.0,0.9609,0.9609,0.35745,0.0,False,False,False,False,False,False,False,False,False,False,False,False,18.29366,2.65313,18.29159,17.95121,18.80836,False,False,False,True,0.0,22.10315,13.88643,0.36267,0.51729,0.36267,0.36267,0.37743,0.36267,0.52129,0.0,0.0,0.00495,0.82607,0.79313,0.94968,10.30206,False,False,False,False,False,False,False,True,False,False,False,False,11993.53418,11728.10742,0,,2.65313,-13.88643,-18.423,-331.92218,-13.88643,-18.29366,-2.65313,False,1,True,False,False,False,False,True,True,True,True,True,-0.050957899631543166,3.1158132068250213,1.3510699360863627,-3.375150726717367,-0.6286375140475841,-2.1433315793953587,-0.9109110110510453,-1.5930214012008896,-9.746224124784287e-05,0.06235150707784189,84.0,67.0,84.0,27.5,8.0,37.5,84.0,53,0.03529411764705881
1SVZ_24,84,GAGTPW,GAGTPW,6,0.43292,10.04104,0.72337,19.92255,1.88267,0,177.64062,289.79443,13.6615,13.6615,1.0,0.0,0.0,1SVZ_24.cif,238,0,238.0,238.0,0.0,0.33333,0.16667,0.0,0.0,0.16667,0.16667,0.0,0.0,0.0,0.0,0.0,0.0,0.0,0.0,0.0,0.0,0.0,0.0,0.0,0.16667,10,1,1,0,0,0,0,-1,0,0,,,0,,0.0,0,-1,0,0,,,0,,0.0,0,-1,0,0,,,0,,0.0,-1,0,0,,,0,,0.0,0,-1,0,0,,,0,,0.0,0,6,1,10,,,0,,0.0,0,-1,0,0,,,0,,0.0,0,-1,0,0,,,0,,0.0,"TrpOx(pos6,sev10)",0.0,0.0,0.0,0.0,0.1,0.25,0.4,0.5,0.8,0.0,0.0,1.88267,1.88267,,,,True,False,True,True,0.0,0.0,100000.25,100000.25,0.0,0.18215,0.0,0.0,0.0,0.0,0.0,0.0,0.18215,0.0,0.0,0.0,0.87792,0.87792,0.46699,0.0,False,False,False,False,False,False,False,False,False,False,False,False,19.92255,1.37713,18.75032,45.17765,47.56764,False,False,True,True,0.0,22.13125,10.04104,0.43292,0.50321,0.43292,0.43292,0.49695,0.43292,0.50767,0.00583,0.00583,0.0076,0.8693,0.85494,0.92804,9.10929,False,False,False,False,False,False,False,False,False,False,False,False,12186.92578,12009.28516,0,,1.37713,-10.04104,-13.6615,-289.79443,-10.04104,-19.92255,-1.37713,False,1,True,False,False,True,True,True,False,True,True,True,1.074254487725354,1.6331790731572795,0.35598546924608904,-4.004502479251478,-0.7243128300746854,-2.3138373429265244,-0.9109110110510453,-1.5930214012008896,0.018699021904098057,0.6139434220231619,72.0,86.0,68.0,27.5,8.0,42.0,86.0,54,0.02352941176470591
1SVZ_48,85,GSYPPW,GSYPPW,6,0.31628,14.86365,0.80378,18.86543,2.61328,2,305.45898,414.11273,17.978,17.978,1.0,0.0,0.0,1SVZ_48.cif,238,0,238.0,238.0,0.0,0.16667,0.0,0.0,0.16667,0.33333,0.0,0.0,0.0,0.0,0.0,0.0,0.0,0.0,0.0,0.0,0.0,0.0,0.0,0.16667,0.16667,10,1,1,0,0,0,0,-1,0,0,,,0,,0.0,0,-1,0,0,,,0,,0.0,0,-1,0,0,,,0,,0.0,-1,0,0,,,0,,0.0,0,-1,0,0,,,0,,0.0,0,6,1,10,,,0,,0.0,0,-1,0,0,,,0,,0.0,0,-1,0,0,,,0,,0.0,"TrpOx(pos6,sev10)",0.0,0.0,0.0,0.0,0.1,0.25,0.45,0.65,0.8,0.0,0.0,2.61328,2.61328,,,,False,False,False,True,0.0,0.0,100000.25,100000.25,0.0,0.20348,0.0,0.0,0.0,0.0,0.0,0.0,0.20348,0.0,0.0,0.0,0.87933,0.87933,0.35957,0.0,False,False,False,False,False,False,False,False,False,False,False,False,18.86543,1.96016,18.75635,21.17953,24.39564,False,False,True,True,0.0,23.39677,14.86365,0.31628,0.50498,0.31628,0.31628,0.31628,0.31628,0.50986,0.0,0.0,0.00451,0.88614,0.82995,0.99641,14.2159,False,False,False,False,False,False,True,True,False,False,False,False,11881.74805,11576.28906,0,,1.96016,-14.86365,-17.978,-414.11273,-14.86365,-18.86543,-1.96016,False,1,True,False,False,True,False,True,True,True,True,True,-0.6266501476810263,3.551110390535389,1.60394843285409,-3.4339686475149467,-0.44197654008882153,-2.06557757133728,-0.9109110110510453,-1.144264437357798,-0.0019695305039826097,-0.18201735410696882,85.0,44.0,86.0,8.5,8.0,26.5,86.0,54,0.0117647058823529
1SVZ_27,86,GNSTPW,GNSTPW,6,0.30806,14.69435,0.72567,18.57352,2.02727,7,303.34961,295.69312,13.2165,13.2165,1.0,0.0,0.0,1SVZ_27.cif,238,0,238.0,238.0,0.0,0.16667,0.0,0.0,0.16667,0.16667,0.16667,0.0,0.0,0.16667,0.0,0.0,0.0,0.0,0.0,0.0,0.0,0.0,0.0,0.0,0.16667,20,2,2,0,0,0,0,-1,0,0,,,0,,0.0,0,-1,0,0,,,0,,0.0,0,-1,0,0,,,0,,0.0,-1,0,0,,,0,,0.0,0,-1,0,0,,,0,,0.0,0,6,1,10,,,0,,0.0,0,-1,0,0,,,0,,0.0,0,2,2,10,,,0,,0.0,"AspBridge(pos2,sev10); TrpOx(pos6,sev10)",0.0,0.0,0.0,0.05,0.1,0.25,0.35,0.55,0.8,0.0,0.0,2.02727,2.02727,,,,True,False,False,True,0.0,0.0,100000.25,100000.25,0.0,0.20164,0.0,0.0,0.0,0.0,0.0,0.0,0.20164,0.0,0.0,0.0,0.80355,0.80355,0.3489,0.0,False,False,False,False,False,False,False,False,False,False,False,False,18.57352,1.81337,18.55381,18.62227,20.06591,False,False,True,True,0.0,23.68902,14.69435,0.30806,0.48768,0.30806,0.30806,0.30806,0.30806,0.49232,0.0,0.0,0.00461,0.88431,0.81865,1.06121,15.60044,False,False,False,False,False,False,False,False,False,False,False,False,12253.62988,11950.28027,0,,1.81337,-14.69435,-13.2165,-295.69312,-14.69435,-18.57352,-1.81337,False,1,True,False,False,True,True,True,True,True,True,True,-0.7040367425946283,1.688038444255026,1.5601381040614166,-4.063320400049059,-0.7109164576148245,-2.0696745705038886,-0.9109110110510453,-0.022372027750068284,-0.030971990213063207,-0.5680622498114127,86.0,85.0,85.0,0.5,8.0,28.5,86.0,54,0.0
